gene_symbol,gene_id,chromosome,start_position,aa_change,consequence_type,wt_aa,mut_aa,protein_position,is_driver_gene,immunogenicity_score,mutant_peptide,wildtype_peptide,peptide_length,mutation_position_in_peptide,sequence_source
CASKIN1,ENSG00000167971,chr16,2180117,S1084L,missense_variant,S,L,1084,False,35.33333333333333,LADPGPFV,SADPGPFV,8,0,uniprot
CASKIN1,ENSG00000167971,chr16,2180117,S1084L,missense_variant,S,L,1084,False,35.33333333333333,ELADPGPF,ESADPGPF,8,1,uniprot
CASKIN1,ENSG00000167971,chr16,2180117,S1084L,missense_variant,S,L,1084,False,35.33333333333333,GELADPGP,GESADPGP,8,2,uniprot
CASKIN1,ENSG00000167971,chr16,2180117,S1084L,missense_variant,S,L,1084,False,35.33333333333333,PGELADPG,PGESADPG,8,3,uniprot
CASKIN1,ENSG00000167971,chr16,2180117,S1084L,missense_variant,S,L,1084,False,35.33333333333333,GPGELADP,GPGESADP,8,4,uniprot
CASKIN1,ENSG00000167971,chr16,2180117,S1084L,missense_variant,S,L,1084,False,35.33333333333333,RGPGELAD,RGPGESAD,8,5,uniprot
CASKIN1,ENSG00000167971,chr16,2180117,S1084L,missense_variant,S,L,1084,False,35.33333333333333,RRGPGELA,RRGPGESA,8,6,uniprot
CASKIN1,ENSG00000167971,chr16,2180117,S1084L,missense_variant,S,L,1084,False,35.33333333333333,ARRGPGEL,ARRGPGES,8,7,uniprot
CASKIN1,ENSG00000167971,chr16,2180117,S1084L,missense_variant,S,L,1084,False,35.33333333333333,LADPGPFVE,SADPGPFVE,9,0,uniprot
CASKIN1,ENSG00000167971,chr16,2180117,S1084L,missense_variant,S,L,1084,False,35.33333333333333,ELADPGPFV,ESADPGPFV,9,1,uniprot
CASKIN1,ENSG00000167971,chr16,2180117,S1084L,missense_variant,S,L,1084,False,35.33333333333333,GELADPGPF,GESADPGPF,9,2,uniprot
CASKIN1,ENSG00000167971,chr16,2180117,S1084L,missense_variant,S,L,1084,False,35.33333333333333,PGELADPGP,PGESADPGP,9,3,uniprot
CASKIN1,ENSG00000167971,chr16,2180117,S1084L,missense_variant,S,L,1084,False,35.33333333333333,GPGELADPG,GPGESADPG,9,4,uniprot
CASKIN1,ENSG00000167971,chr16,2180117,S1084L,missense_variant,S,L,1084,False,35.33333333333333,RGPGELADP,RGPGESADP,9,5,uniprot
CASKIN1,ENSG00000167971,chr16,2180117,S1084L,missense_variant,S,L,1084,False,35.33333333333333,RRGPGELAD,RRGPGESAD,9,6,uniprot
CASKIN1,ENSG00000167971,chr16,2180117,S1084L,missense_variant,S,L,1084,False,35.33333333333333,ARRGPGELA,ARRGPGESA,9,7,uniprot
CASKIN1,ENSG00000167971,chr16,2180117,S1084L,missense_variant,S,L,1084,False,35.33333333333333,TARRGPGEL,TARRGPGES,9,8,uniprot
CASKIN1,ENSG00000167971,chr16,2180117,S1084L,missense_variant,S,L,1084,False,35.33333333333333,LADPGPFVED,SADPGPFVED,10,0,uniprot
CASKIN1,ENSG00000167971,chr16,2180117,S1084L,missense_variant,S,L,1084,False,35.33333333333333,ELADPGPFVE,ESADPGPFVE,10,1,uniprot
CASKIN1,ENSG00000167971,chr16,2180117,S1084L,missense_variant,S,L,1084,False,35.33333333333333,GELADPGPFV,GESADPGPFV,10,2,uniprot
CASKIN1,ENSG00000167971,chr16,2180117,S1084L,missense_variant,S,L,1084,False,35.33333333333333,PGELADPGPF,PGESADPGPF,10,3,uniprot
CASKIN1,ENSG00000167971,chr16,2180117,S1084L,missense_variant,S,L,1084,False,35.33333333333333,GPGELADPGP,GPGESADPGP,10,4,uniprot
CASKIN1,ENSG00000167971,chr16,2180117,S1084L,missense_variant,S,L,1084,False,35.33333333333333,RGPGELADPG,RGPGESADPG,10,5,uniprot
CASKIN1,ENSG00000167971,chr16,2180117,S1084L,missense_variant,S,L,1084,False,35.33333333333333,RRGPGELADP,RRGPGESADP,10,6,uniprot
CASKIN1,ENSG00000167971,chr16,2180117,S1084L,missense_variant,S,L,1084,False,35.33333333333333,ARRGPGELAD,ARRGPGESAD,10,7,uniprot
CASKIN1,ENSG00000167971,chr16,2180117,S1084L,missense_variant,S,L,1084,False,35.33333333333333,TARRGPGELA,TARRGPGESA,10,8,uniprot
CASKIN1,ENSG00000167971,chr16,2180117,S1084L,missense_variant,S,L,1084,False,35.33333333333333,ATARRGPGEL,ATARRGPGES,10,9,uniprot
CASKIN1,ENSG00000167971,chr16,2180117,S1084L,missense_variant,S,L,1084,False,35.33333333333333,LADPGPFVEDG,SADPGPFVEDG,11,0,uniprot
CASKIN1,ENSG00000167971,chr16,2180117,S1084L,missense_variant,S,L,1084,False,35.33333333333333,ELADPGPFVED,ESADPGPFVED,11,1,uniprot
CASKIN1,ENSG00000167971,chr16,2180117,S1084L,missense_variant,S,L,1084,False,35.33333333333333,GELADPGPFVE,GESADPGPFVE,11,2,uniprot
CASKIN1,ENSG00000167971,chr16,2180117,S1084L,missense_variant,S,L,1084,False,35.33333333333333,PGELADPGPFV,PGESADPGPFV,11,3,uniprot
CASKIN1,ENSG00000167971,chr16,2180117,S1084L,missense_variant,S,L,1084,False,35.33333333333333,GPGELADPGPF,GPGESADPGPF,11,4,uniprot
CASKIN1,ENSG00000167971,chr16,2180117,S1084L,missense_variant,S,L,1084,False,35.33333333333333,RGPGELADPGP,RGPGESADPGP,11,5,uniprot
CASKIN1,ENSG00000167971,chr16,2180117,S1084L,missense_variant,S,L,1084,False,35.33333333333333,RRGPGELADPG,RRGPGESADPG,11,6,uniprot
CASKIN1,ENSG00000167971,chr16,2180117,S1084L,missense_variant,S,L,1084,False,35.33333333333333,ARRGPGELADP,ARRGPGESADP,11,7,uniprot
CASKIN1,ENSG00000167971,chr16,2180117,S1084L,missense_variant,S,L,1084,False,35.33333333333333,TARRGPGELAD,TARRGPGESAD,11,8,uniprot
CASKIN1,ENSG00000167971,chr16,2180117,S1084L,missense_variant,S,L,1084,False,35.33333333333333,ATARRGPGELA,ATARRGPGESA,11,9,uniprot
CASKIN1,ENSG00000167971,chr16,2180117,S1084L,missense_variant,S,L,1084,False,35.33333333333333,LATARRGPGEL,LATARRGPGES,11,10,uniprot
CREBL2,ENSG00000111269,chr12,12635918,E53Q,missense_variant,E,Q,53,False,25.0,QLVSSRER,ELVSSRER,8,0,uniprot
CREBL2,ENSG00000111269,chr12,12635918,E53Q,missense_variant,E,Q,53,False,25.0,EQLVSSRE,EELVSSRE,8,1,uniprot
CREBL2,ENSG00000111269,chr12,12635918,E53Q,missense_variant,E,Q,53,False,25.0,LEQLVSSR,LEELVSSR,8,2,uniprot
CREBL2,ENSG00000111269,chr12,12635918,E53Q,missense_variant,E,Q,53,False,25.0,YLEQLVSS,YLEELVSS,8,3,uniprot
CREBL2,ENSG00000111269,chr12,12635918,E53Q,missense_variant,E,Q,53,False,25.0,QYLEQLVS,QYLEELVS,8,4,uniprot
CREBL2,ENSG00000111269,chr12,12635918,E53Q,missense_variant,E,Q,53,False,25.0,YQYLEQLV,YQYLEELV,8,5,uniprot
CREBL2,ENSG00000111269,chr12,12635918,E53Q,missense_variant,E,Q,53,False,25.0,RYQYLEQL,RYQYLEEL,8,6,uniprot
CREBL2,ENSG00000111269,chr12,12635918,E53Q,missense_variant,E,Q,53,False,25.0,LRYQYLEQ,LRYQYLEE,8,7,uniprot
CREBL2,ENSG00000111269,chr12,12635918,E53Q,missense_variant,E,Q,53,False,25.0,QLVSSRERA,ELVSSRERA,9,0,uniprot
CREBL2,ENSG00000111269,chr12,12635918,E53Q,missense_variant,E,Q,53,False,25.0,EQLVSSRER,EELVSSRER,9,1,uniprot
CREBL2,ENSG00000111269,chr12,12635918,E53Q,missense_variant,E,Q,53,False,25.0,LEQLVSSRE,LEELVSSRE,9,2,uniprot
CREBL2,ENSG00000111269,chr12,12635918,E53Q,missense_variant,E,Q,53,False,25.0,YLEQLVSSR,YLEELVSSR,9,3,uniprot
CREBL2,ENSG00000111269,chr12,12635918,E53Q,missense_variant,E,Q,53,False,25.0,QYLEQLVSS,QYLEELVSS,9,4,uniprot
CREBL2,ENSG00000111269,chr12,12635918,E53Q,missense_variant,E,Q,53,False,25.0,YQYLEQLVS,YQYLEELVS,9,5,uniprot
CREBL2,ENSG00000111269,chr12,12635918,E53Q,missense_variant,E,Q,53,False,25.0,RYQYLEQLV,RYQYLEELV,9,6,uniprot
CREBL2,ENSG00000111269,chr12,12635918,E53Q,missense_variant,E,Q,53,False,25.0,LRYQYLEQL,LRYQYLEEL,9,7,uniprot
CREBL2,ENSG00000111269,chr12,12635918,E53Q,missense_variant,E,Q,53,False,25.0,KLRYQYLEQ,KLRYQYLEE,9,8,uniprot
CREBL2,ENSG00000111269,chr12,12635918,E53Q,missense_variant,E,Q,53,False,25.0,QLVSSRERAI,ELVSSRERAI,10,0,uniprot
CREBL2,ENSG00000111269,chr12,12635918,E53Q,missense_variant,E,Q,53,False,25.0,EQLVSSRERA,EELVSSRERA,10,1,uniprot
CREBL2,ENSG00000111269,chr12,12635918,E53Q,missense_variant,E,Q,53,False,25.0,LEQLVSSRER,LEELVSSRER,10,2,uniprot
CREBL2,ENSG00000111269,chr12,12635918,E53Q,missense_variant,E,Q,53,False,25.0,YLEQLVSSRE,YLEELVSSRE,10,3,uniprot
CREBL2,ENSG00000111269,chr12,12635918,E53Q,missense_variant,E,Q,53,False,25.0,QYLEQLVSSR,QYLEELVSSR,10,4,uniprot
CREBL2,ENSG00000111269,chr12,12635918,E53Q,missense_variant,E,Q,53,False,25.0,YQYLEQLVSS,YQYLEELVSS,10,5,uniprot
CREBL2,ENSG00000111269,chr12,12635918,E53Q,missense_variant,E,Q,53,False,25.0,RYQYLEQLVS,RYQYLEELVS,10,6,uniprot
CREBL2,ENSG00000111269,chr12,12635918,E53Q,missense_variant,E,Q,53,False,25.0,LRYQYLEQLV,LRYQYLEELV,10,7,uniprot
CREBL2,ENSG00000111269,chr12,12635918,E53Q,missense_variant,E,Q,53,False,25.0,KLRYQYLEQL,KLRYQYLEEL,10,8,uniprot
CREBL2,ENSG00000111269,chr12,12635918,E53Q,missense_variant,E,Q,53,False,25.0,KKLRYQYLEQ,KKLRYQYLEE,10,9,uniprot
CREBL2,ENSG00000111269,chr12,12635918,E53Q,missense_variant,E,Q,53,False,25.0,QLVSSRERAIC,ELVSSRERAIC,11,0,uniprot
CREBL2,ENSG00000111269,chr12,12635918,E53Q,missense_variant,E,Q,53,False,25.0,EQLVSSRERAI,EELVSSRERAI,11,1,uniprot
CREBL2,ENSG00000111269,chr12,12635918,E53Q,missense_variant,E,Q,53,False,25.0,LEQLVSSRERA,LEELVSSRERA,11,2,uniprot
CREBL2,ENSG00000111269,chr12,12635918,E53Q,missense_variant,E,Q,53,False,25.0,YLEQLVSSRER,YLEELVSSRER,11,3,uniprot
CREBL2,ENSG00000111269,chr12,12635918,E53Q,missense_variant,E,Q,53,False,25.0,QYLEQLVSSRE,QYLEELVSSRE,11,4,uniprot
CREBL2,ENSG00000111269,chr12,12635918,E53Q,missense_variant,E,Q,53,False,25.0,YQYLEQLVSSR,YQYLEELVSSR,11,5,uniprot
CREBL2,ENSG00000111269,chr12,12635918,E53Q,missense_variant,E,Q,53,False,25.0,RYQYLEQLVSS,RYQYLEELVSS,11,6,uniprot
CREBL2,ENSG00000111269,chr12,12635918,E53Q,missense_variant,E,Q,53,False,25.0,LRYQYLEQLVS,LRYQYLEELVS,11,7,uniprot
CREBL2,ENSG00000111269,chr12,12635918,E53Q,missense_variant,E,Q,53,False,25.0,KLRYQYLEQLV,KLRYQYLEELV,11,8,uniprot
CREBL2,ENSG00000111269,chr12,12635918,E53Q,missense_variant,E,Q,53,False,25.0,KKLRYQYLEQL,KKLRYQYLEEL,11,9,uniprot
CREBL2,ENSG00000111269,chr12,12635918,E53Q,missense_variant,E,Q,53,False,25.0,RKKLRYQYLEQ,RKKLRYQYLEE,11,10,uniprot
WDR72,ENSG00000166415,chr15,53715201,R169T,missense_variant,R,T,169,False,42.666666666666664,TIQEDSLL,RIQEDSLL,8,0,uniprot
WDR72,ENSG00000166415,chr15,53715201,R169T,missense_variant,R,T,169,False,42.666666666666664,MTIQEDSL,MRIQEDSL,8,1,uniprot
WDR72,ENSG00000166415,chr15,53715201,R169T,missense_variant,R,T,169,False,42.666666666666664,SMTIQEDS,SMRIQEDS,8,2,uniprot
WDR72,ENSG00000166415,chr15,53715201,R169T,missense_variant,R,T,169,False,42.666666666666664,HSMTIQED,HSMRIQED,8,3,uniprot
WDR72,ENSG00000166415,chr15,53715201,R169T,missense_variant,R,T,169,False,42.666666666666664,VHSMTIQE,VHSMRIQE,8,4,uniprot
WDR72,ENSG00000166415,chr15,53715201,R169T,missense_variant,R,T,169,False,42.666666666666664,IVHSMTIQ,IVHSMRIQ,8,5,uniprot
WDR72,ENSG00000166415,chr15,53715201,R169T,missense_variant,R,T,169,False,42.666666666666664,CIVHSMTI,CIVHSMRI,8,6,uniprot
WDR72,ENSG00000166415,chr15,53715201,R169T,missense_variant,R,T,169,False,42.666666666666664,MCIVHSMT,MCIVHSMR,8,7,uniprot
WDR72,ENSG00000166415,chr15,53715201,R169T,missense_variant,R,T,169,False,42.666666666666664,TIQEDSLLV,RIQEDSLLV,9,0,uniprot
WDR72,ENSG00000166415,chr15,53715201,R169T,missense_variant,R,T,169,False,42.666666666666664,MTIQEDSLL,MRIQEDSLL,9,1,uniprot
WDR72,ENSG00000166415,chr15,53715201,R169T,missense_variant,R,T,169,False,42.666666666666664,SMTIQEDSL,SMRIQEDSL,9,2,uniprot
WDR72,ENSG00000166415,chr15,53715201,R169T,missense_variant,R,T,169,False,42.666666666666664,HSMTIQEDS,HSMRIQEDS,9,3,uniprot
WDR72,ENSG00000166415,chr15,53715201,R169T,missense_variant,R,T,169,False,42.666666666666664,VHSMTIQED,VHSMRIQED,9,4,uniprot
WDR72,ENSG00000166415,chr15,53715201,R169T,missense_variant,R,T,169,False,42.666666666666664,IVHSMTIQE,IVHSMRIQE,9,5,uniprot
WDR72,ENSG00000166415,chr15,53715201,R169T,missense_variant,R,T,169,False,42.666666666666664,CIVHSMTIQ,CIVHSMRIQ,9,6,uniprot
WDR72,ENSG00000166415,chr15,53715201,R169T,missense_variant,R,T,169,False,42.666666666666664,MCIVHSMTI,MCIVHSMRI,9,7,uniprot
WDR72,ENSG00000166415,chr15,53715201,R169T,missense_variant,R,T,169,False,42.666666666666664,CMCIVHSMT,CMCIVHSMR,9,8,uniprot
WDR72,ENSG00000166415,chr15,53715201,R169T,missense_variant,R,T,169,False,42.666666666666664,TIQEDSLLVV,RIQEDSLLVV,10,0,uniprot
WDR72,ENSG00000166415,chr15,53715201,R169T,missense_variant,R,T,169,False,42.666666666666664,MTIQEDSLLV,MRIQEDSLLV,10,1,uniprot
WDR72,ENSG00000166415,chr15,53715201,R169T,missense_variant,R,T,169,False,42.666666666666664,SMTIQEDSLL,SMRIQEDSLL,10,2,uniprot
WDR72,ENSG00000166415,chr15,53715201,R169T,missense_variant,R,T,169,False,42.666666666666664,HSMTIQEDSL,HSMRIQEDSL,10,3,uniprot
WDR72,ENSG00000166415,chr15,53715201,R169T,missense_variant,R,T,169,False,42.666666666666664,VHSMTIQEDS,VHSMRIQEDS,10,4,uniprot
WDR72,ENSG00000166415,chr15,53715201,R169T,missense_variant,R,T,169,False,42.666666666666664,IVHSMTIQED,IVHSMRIQED,10,5,uniprot
WDR72,ENSG00000166415,chr15,53715201,R169T,missense_variant,R,T,169,False,42.666666666666664,CIVHSMTIQE,CIVHSMRIQE,10,6,uniprot
WDR72,ENSG00000166415,chr15,53715201,R169T,missense_variant,R,T,169,False,42.666666666666664,MCIVHSMTIQ,MCIVHSMRIQ,10,7,uniprot
WDR72,ENSG00000166415,chr15,53715201,R169T,missense_variant,R,T,169,False,42.666666666666664,CMCIVHSMTI,CMCIVHSMRI,10,8,uniprot
WDR72,ENSG00000166415,chr15,53715201,R169T,missense_variant,R,T,169,False,42.666666666666664,NCMCIVHSMT,NCMCIVHSMR,10,9,uniprot
WDR72,ENSG00000166415,chr15,53715201,R169T,missense_variant,R,T,169,False,42.666666666666664,TIQEDSLLVVS,RIQEDSLLVVS,11,0,uniprot
WDR72,ENSG00000166415,chr15,53715201,R169T,missense_variant,R,T,169,False,42.666666666666664,MTIQEDSLLVV,MRIQEDSLLVV,11,1,uniprot
WDR72,ENSG00000166415,chr15,53715201,R169T,missense_variant,R,T,169,False,42.666666666666664,SMTIQEDSLLV,SMRIQEDSLLV,11,2,uniprot
WDR72,ENSG00000166415,chr15,53715201,R169T,missense_variant,R,T,169,False,42.666666666666664,HSMTIQEDSLL,HSMRIQEDSLL,11,3,uniprot
WDR72,ENSG00000166415,chr15,53715201,R169T,missense_variant,R,T,169,False,42.666666666666664,VHSMTIQEDSL,VHSMRIQEDSL,11,4,uniprot
WDR72,ENSG00000166415,chr15,53715201,R169T,missense_variant,R,T,169,False,42.666666666666664,IVHSMTIQEDS,IVHSMRIQEDS,11,5,uniprot
WDR72,ENSG00000166415,chr15,53715201,R169T,missense_variant,R,T,169,False,42.666666666666664,CIVHSMTIQED,CIVHSMRIQED,11,6,uniprot
WDR72,ENSG00000166415,chr15,53715201,R169T,missense_variant,R,T,169,False,42.666666666666664,MCIVHSMTIQE,MCIVHSMRIQE,11,7,uniprot
WDR72,ENSG00000166415,chr15,53715201,R169T,missense_variant,R,T,169,False,42.666666666666664,CMCIVHSMTIQ,CMCIVHSMRIQ,11,8,uniprot
WDR72,ENSG00000166415,chr15,53715201,R169T,missense_variant,R,T,169,False,42.666666666666664,NCMCIVHSMTI,NCMCIVHSMRI,11,9,uniprot
WDR72,ENSG00000166415,chr15,53715201,R169T,missense_variant,R,T,169,False,42.666666666666664,INCMCIVHSMT,INCMCIVHSMR,11,10,uniprot
ATP2C2,ENSG00000064270,chr16,84422695,E281Q,missense_variant,E,Q,281,False,25.0,QTPKTPLQ,ETPKTPLQ,8,0,uniprot
ATP2C2,ENSG00000064270,chr16,84422695,E281Q,missense_variant,E,Q,281,False,25.0,EQTPKTPL,EETPKTPL,8,1,uniprot
ATP2C2,ENSG00000064270,chr16,84422695,E281Q,missense_variant,E,Q,281,False,25.0,AEQTPKTP,AEETPKTP,8,2,uniprot
ATP2C2,ENSG00000064270,chr16,84422695,E281Q,missense_variant,E,Q,281,False,25.0,QAEQTPKT,QAEETPKT,8,3,uniprot
ATP2C2,ENSG00000064270,chr16,84422695,E281Q,missense_variant,E,Q,281,False,25.0,MQAEQTPK,MQAEETPK,8,4,uniprot
ATP2C2,ENSG00000064270,chr16,84422695,E281Q,missense_variant,E,Q,281,False,25.0,MMQAEQTP,MMQAEETP,8,5,uniprot
ATP2C2,ENSG00000064270,chr16,84422695,E281Q,missense_variant,E,Q,281,False,25.0,KMMQAEQT,KMMQAEET,8,6,uniprot
ATP2C2,ENSG00000064270,chr16,84422695,E281Q,missense_variant,E,Q,281,False,25.0,FKMMQAEQ,FKMMQAEE,8,7,uniprot
ATP2C2,ENSG00000064270,chr16,84422695,E281Q,missense_variant,E,Q,281,False,25.0,QTPKTPLQK,ETPKTPLQK,9,0,uniprot
ATP2C2,ENSG00000064270,chr16,84422695,E281Q,missense_variant,E,Q,281,False,25.0,EQTPKTPLQ,EETPKTPLQ,9,1,uniprot
ATP2C2,ENSG00000064270,chr16,84422695,E281Q,missense_variant,E,Q,281,False,25.0,AEQTPKTPL,AEETPKTPL,9,2,uniprot
ATP2C2,ENSG00000064270,chr16,84422695,E281Q,missense_variant,E,Q,281,False,25.0,QAEQTPKTP,QAEETPKTP,9,3,uniprot
ATP2C2,ENSG00000064270,chr16,84422695,E281Q,missense_variant,E,Q,281,False,25.0,MQAEQTPKT,MQAEETPKT,9,4,uniprot
ATP2C2,ENSG00000064270,chr16,84422695,E281Q,missense_variant,E,Q,281,False,25.0,MMQAEQTPK,MMQAEETPK,9,5,uniprot
ATP2C2,ENSG00000064270,chr16,84422695,E281Q,missense_variant,E,Q,281,False,25.0,KMMQAEQTP,KMMQAEETP,9,6,uniprot
ATP2C2,ENSG00000064270,chr16,84422695,E281Q,missense_variant,E,Q,281,False,25.0,FKMMQAEQT,FKMMQAEET,9,7,uniprot
ATP2C2,ENSG00000064270,chr16,84422695,E281Q,missense_variant,E,Q,281,False,25.0,VFKMMQAEQ,VFKMMQAEE,9,8,uniprot
ATP2C2,ENSG00000064270,chr16,84422695,E281Q,missense_variant,E,Q,281,False,25.0,QTPKTPLQKS,ETPKTPLQKS,10,0,uniprot
ATP2C2,ENSG00000064270,chr16,84422695,E281Q,missense_variant,E,Q,281,False,25.0,EQTPKTPLQK,EETPKTPLQK,10,1,uniprot
ATP2C2,ENSG00000064270,chr16,84422695,E281Q,missense_variant,E,Q,281,False,25.0,AEQTPKTPLQ,AEETPKTPLQ,10,2,uniprot
ATP2C2,ENSG00000064270,chr16,84422695,E281Q,missense_variant,E,Q,281,False,25.0,QAEQTPKTPL,QAEETPKTPL,10,3,uniprot
ATP2C2,ENSG00000064270,chr16,84422695,E281Q,missense_variant,E,Q,281,False,25.0,MQAEQTPKTP,MQAEETPKTP,10,4,uniprot
ATP2C2,ENSG00000064270,chr16,84422695,E281Q,missense_variant,E,Q,281,False,25.0,MMQAEQTPKT,MMQAEETPKT,10,5,uniprot
ATP2C2,ENSG00000064270,chr16,84422695,E281Q,missense_variant,E,Q,281,False,25.0,KMMQAEQTPK,KMMQAEETPK,10,6,uniprot
ATP2C2,ENSG00000064270,chr16,84422695,E281Q,missense_variant,E,Q,281,False,25.0,FKMMQAEQTP,FKMMQAEETP,10,7,uniprot
ATP2C2,ENSG00000064270,chr16,84422695,E281Q,missense_variant,E,Q,281,False,25.0,VFKMMQAEQT,VFKMMQAEET,10,8,uniprot
ATP2C2,ENSG00000064270,chr16,84422695,E281Q,missense_variant,E,Q,281,False,25.0,EVFKMMQAEQ,EVFKMMQAEE,10,9,uniprot
ATP2C2,ENSG00000064270,chr16,84422695,E281Q,missense_variant,E,Q,281,False,25.0,QTPKTPLQKSM,ETPKTPLQKSM,11,0,uniprot
ATP2C2,ENSG00000064270,chr16,84422695,E281Q,missense_variant,E,Q,281,False,25.0,EQTPKTPLQKS,EETPKTPLQKS,11,1,uniprot
ATP2C2,ENSG00000064270,chr16,84422695,E281Q,missense_variant,E,Q,281,False,25.0,AEQTPKTPLQK,AEETPKTPLQK,11,2,uniprot
ATP2C2,ENSG00000064270,chr16,84422695,E281Q,missense_variant,E,Q,281,False,25.0,QAEQTPKTPLQ,QAEETPKTPLQ,11,3,uniprot
ATP2C2,ENSG00000064270,chr16,84422695,E281Q,missense_variant,E,Q,281,False,25.0,MQAEQTPKTPL,MQAEETPKTPL,11,4,uniprot
ATP2C2,ENSG00000064270,chr16,84422695,E281Q,missense_variant,E,Q,281,False,25.0,MMQAEQTPKTP,MMQAEETPKTP,11,5,uniprot
ATP2C2,ENSG00000064270,chr16,84422695,E281Q,missense_variant,E,Q,281,False,25.0,KMMQAEQTPKT,KMMQAEETPKT,11,6,uniprot
ATP2C2,ENSG00000064270,chr16,84422695,E281Q,missense_variant,E,Q,281,False,25.0,FKMMQAEQTPK,FKMMQAEETPK,11,7,uniprot
ATP2C2,ENSG00000064270,chr16,84422695,E281Q,missense_variant,E,Q,281,False,25.0,VFKMMQAEQTP,VFKMMQAEETP,11,8,uniprot
ATP2C2,ENSG00000064270,chr16,84422695,E281Q,missense_variant,E,Q,281,False,25.0,EVFKMMQAEQT,EVFKMMQAEET,11,9,uniprot
ATP2C2,ENSG00000064270,chr16,84422695,E281Q,missense_variant,E,Q,281,False,25.0,GEVFKMMQAEQ,GEVFKMMQAEE,11,10,uniprot
ARHGAP45,ENSG00000180448,chr19,1080069,E556Q,missense_variant,E,Q,556,False,25.0,QYDFEPHV,HYDFEPHV,8,0,uniprot
ARHGAP45,ENSG00000180448,chr19,1080069,E556Q,missense_variant,E,Q,556,False,25.0,VQYDFEPH,VHYDFEPH,8,1,uniprot
ARHGAP45,ENSG00000180448,chr19,1080069,E556Q,missense_variant,E,Q,556,False,25.0,DVQYDFEP,DVHYDFEP,8,2,uniprot
ARHGAP45,ENSG00000180448,chr19,1080069,E556Q,missense_variant,E,Q,556,False,25.0,PDVQYDFE,PDVHYDFE,8,3,uniprot
ARHGAP45,ENSG00000180448,chr19,1080069,E556Q,missense_variant,E,Q,556,False,25.0,EPDVQYDF,EPDVHYDF,8,4,uniprot
ARHGAP45,ENSG00000180448,chr19,1080069,E556Q,missense_variant,E,Q,556,False,25.0,QEPDVQYD,QEPDVHYD,8,5,uniprot
ARHGAP45,ENSG00000180448,chr19,1080069,E556Q,missense_variant,E,Q,556,False,25.0,DQEPDVQY,DQEPDVHY,8,6,uniprot
ARHGAP45,ENSG00000180448,chr19,1080069,E556Q,missense_variant,E,Q,556,False,25.0,RDQEPDVQ,RDQEPDVH,8,7,uniprot
ARHGAP45,ENSG00000180448,chr19,1080069,E556Q,missense_variant,E,Q,556,False,25.0,QYDFEPHVS,HYDFEPHVS,9,0,uniprot
ARHGAP45,ENSG00000180448,chr19,1080069,E556Q,missense_variant,E,Q,556,False,25.0,VQYDFEPHV,VHYDFEPHV,9,1,uniprot
ARHGAP45,ENSG00000180448,chr19,1080069,E556Q,missense_variant,E,Q,556,False,25.0,DVQYDFEPH,DVHYDFEPH,9,2,uniprot
ARHGAP45,ENSG00000180448,chr19,1080069,E556Q,missense_variant,E,Q,556,False,25.0,PDVQYDFEP,PDVHYDFEP,9,3,uniprot
ARHGAP45,ENSG00000180448,chr19,1080069,E556Q,missense_variant,E,Q,556,False,25.0,EPDVQYDFE,EPDVHYDFE,9,4,uniprot
ARHGAP45,ENSG00000180448,chr19,1080069,E556Q,missense_variant,E,Q,556,False,25.0,QEPDVQYDF,QEPDVHYDF,9,5,uniprot
ARHGAP45,ENSG00000180448,chr19,1080069,E556Q,missense_variant,E,Q,556,False,25.0,DQEPDVQYD,DQEPDVHYD,9,6,uniprot
ARHGAP45,ENSG00000180448,chr19,1080069,E556Q,missense_variant,E,Q,556,False,25.0,RDQEPDVQY,RDQEPDVHY,9,7,uniprot
ARHGAP45,ENSG00000180448,chr19,1080069,E556Q,missense_variant,E,Q,556,False,25.0,QRDQEPDVQ,QRDQEPDVH,9,8,uniprot
ARHGAP45,ENSG00000180448,chr19,1080069,E556Q,missense_variant,E,Q,556,False,25.0,QYDFEPHVSA,HYDFEPHVSA,10,0,uniprot
ARHGAP45,ENSG00000180448,chr19,1080069,E556Q,missense_variant,E,Q,556,False,25.0,VQYDFEPHVS,VHYDFEPHVS,10,1,uniprot
ARHGAP45,ENSG00000180448,chr19,1080069,E556Q,missense_variant,E,Q,556,False,25.0,DVQYDFEPHV,DVHYDFEPHV,10,2,uniprot
ARHGAP45,ENSG00000180448,chr19,1080069,E556Q,missense_variant,E,Q,556,False,25.0,PDVQYDFEPH,PDVHYDFEPH,10,3,uniprot
ARHGAP45,ENSG00000180448,chr19,1080069,E556Q,missense_variant,E,Q,556,False,25.0,EPDVQYDFEP,EPDVHYDFEP,10,4,uniprot
ARHGAP45,ENSG00000180448,chr19,1080069,E556Q,missense_variant,E,Q,556,False,25.0,QEPDVQYDFE,QEPDVHYDFE,10,5,uniprot
ARHGAP45,ENSG00000180448,chr19,1080069,E556Q,missense_variant,E,Q,556,False,25.0,DQEPDVQYDF,DQEPDVHYDF,10,6,uniprot
ARHGAP45,ENSG00000180448,chr19,1080069,E556Q,missense_variant,E,Q,556,False,25.0,RDQEPDVQYD,RDQEPDVHYD,10,7,uniprot
ARHGAP45,ENSG00000180448,chr19,1080069,E556Q,missense_variant,E,Q,556,False,25.0,QRDQEPDVQY,QRDQEPDVHY,10,8,uniprot
ARHGAP45,ENSG00000180448,chr19,1080069,E556Q,missense_variant,E,Q,556,False,25.0,LQRDQEPDVQ,LQRDQEPDVH,10,9,uniprot
ARHGAP45,ENSG00000180448,chr19,1080069,E556Q,missense_variant,E,Q,556,False,25.0,QYDFEPHVSAN,HYDFEPHVSAN,11,0,uniprot
ARHGAP45,ENSG00000180448,chr19,1080069,E556Q,missense_variant,E,Q,556,False,25.0,VQYDFEPHVSA,VHYDFEPHVSA,11,1,uniprot
ARHGAP45,ENSG00000180448,chr19,1080069,E556Q,missense_variant,E,Q,556,False,25.0,DVQYDFEPHVS,DVHYDFEPHVS,11,2,uniprot
ARHGAP45,ENSG00000180448,chr19,1080069,E556Q,missense_variant,E,Q,556,False,25.0,PDVQYDFEPHV,PDVHYDFEPHV,11,3,uniprot
ARHGAP45,ENSG00000180448,chr19,1080069,E556Q,missense_variant,E,Q,556,False,25.0,EPDVQYDFEPH,EPDVHYDFEPH,11,4,uniprot
ARHGAP45,ENSG00000180448,chr19,1080069,E556Q,missense_variant,E,Q,556,False,25.0,QEPDVQYDFEP,QEPDVHYDFEP,11,5,uniprot
ARHGAP45,ENSG00000180448,chr19,1080069,E556Q,missense_variant,E,Q,556,False,25.0,DQEPDVQYDFE,DQEPDVHYDFE,11,6,uniprot
ARHGAP45,ENSG00000180448,chr19,1080069,E556Q,missense_variant,E,Q,556,False,25.0,RDQEPDVQYDF,RDQEPDVHYDF,11,7,uniprot
ARHGAP45,ENSG00000180448,chr19,1080069,E556Q,missense_variant,E,Q,556,False,25.0,QRDQEPDVQYD,QRDQEPDVHYD,11,8,uniprot
ARHGAP45,ENSG00000180448,chr19,1080069,E556Q,missense_variant,E,Q,556,False,25.0,LQRDQEPDVQY,LQRDQEPDVHY,11,9,uniprot
ARHGAP45,ENSG00000180448,chr19,1080069,E556Q,missense_variant,E,Q,556,False,25.0,QLQRDQEPDVQ,QLQRDQEPDVH,11,10,uniprot
ARHGAP45,ENSG00000180448,chr19,1080069,E579Q,missense_variant,E,Q,579,False,25.0,QNVSDVAR,FNVSDVAR,8,0,uniprot
ARHGAP45,ENSG00000180448,chr19,1080069,E579Q,missense_variant,E,Q,579,False,25.0,SQNVSDVA,SFNVSDVA,8,1,uniprot
ARHGAP45,ENSG00000180448,chr19,1080069,E579Q,missense_variant,E,Q,579,False,25.0,SSQNVSDV,SSFNVSDV,8,2,uniprot
ARHGAP45,ENSG00000180448,chr19,1080069,E579Q,missense_variant,E,Q,579,False,25.0,KSSQNVSD,KSSFNVSD,8,3,uniprot
ARHGAP45,ENSG00000180448,chr19,1080069,E579Q,missense_variant,E,Q,579,False,25.0,RKSSQNVS,RKSSFNVS,8,4,uniprot
ARHGAP45,ENSG00000180448,chr19,1080069,E579Q,missense_variant,E,Q,579,False,25.0,ARKSSQNV,ARKSSFNV,8,5,uniprot
ARHGAP45,ENSG00000180448,chr19,1080069,E579Q,missense_variant,E,Q,579,False,25.0,RARKSSQN,RARKSSFN,8,6,uniprot
ARHGAP45,ENSG00000180448,chr19,1080069,E579Q,missense_variant,E,Q,579,False,25.0,MRARKSSQ,MRARKSSF,8,7,uniprot
ARHGAP45,ENSG00000180448,chr19,1080069,E579Q,missense_variant,E,Q,579,False,25.0,QNVSDVARP,FNVSDVARP,9,0,uniprot
ARHGAP45,ENSG00000180448,chr19,1080069,E579Q,missense_variant,E,Q,579,False,25.0,SQNVSDVAR,SFNVSDVAR,9,1,uniprot
ARHGAP45,ENSG00000180448,chr19,1080069,E579Q,missense_variant,E,Q,579,False,25.0,SSQNVSDVA,SSFNVSDVA,9,2,uniprot
ARHGAP45,ENSG00000180448,chr19,1080069,E579Q,missense_variant,E,Q,579,False,25.0,KSSQNVSDV,KSSFNVSDV,9,3,uniprot
ARHGAP45,ENSG00000180448,chr19,1080069,E579Q,missense_variant,E,Q,579,False,25.0,RKSSQNVSD,RKSSFNVSD,9,4,uniprot
ARHGAP45,ENSG00000180448,chr19,1080069,E579Q,missense_variant,E,Q,579,False,25.0,ARKSSQNVS,ARKSSFNVS,9,5,uniprot
ARHGAP45,ENSG00000180448,chr19,1080069,E579Q,missense_variant,E,Q,579,False,25.0,RARKSSQNV,RARKSSFNV,9,6,uniprot
ARHGAP45,ENSG00000180448,chr19,1080069,E579Q,missense_variant,E,Q,579,False,25.0,MRARKSSQN,MRARKSSFN,9,7,uniprot
ARHGAP45,ENSG00000180448,chr19,1080069,E579Q,missense_variant,E,Q,579,False,25.0,VMRARKSSQ,VMRARKSSF,9,8,uniprot
ARHGAP45,ENSG00000180448,chr19,1080069,E579Q,missense_variant,E,Q,579,False,25.0,QNVSDVARPE,FNVSDVARPE,10,0,uniprot
ARHGAP45,ENSG00000180448,chr19,1080069,E579Q,missense_variant,E,Q,579,False,25.0,SQNVSDVARP,SFNVSDVARP,10,1,uniprot
ARHGAP45,ENSG00000180448,chr19,1080069,E579Q,missense_variant,E,Q,579,False,25.0,SSQNVSDVAR,SSFNVSDVAR,10,2,uniprot
ARHGAP45,ENSG00000180448,chr19,1080069,E579Q,missense_variant,E,Q,579,False,25.0,KSSQNVSDVA,KSSFNVSDVA,10,3,uniprot
ARHGAP45,ENSG00000180448,chr19,1080069,E579Q,missense_variant,E,Q,579,False,25.0,RKSSQNVSDV,RKSSFNVSDV,10,4,uniprot
ARHGAP45,ENSG00000180448,chr19,1080069,E579Q,missense_variant,E,Q,579,False,25.0,ARKSSQNVSD,ARKSSFNVSD,10,5,uniprot
ARHGAP45,ENSG00000180448,chr19,1080069,E579Q,missense_variant,E,Q,579,False,25.0,RARKSSQNVS,RARKSSFNVS,10,6,uniprot
ARHGAP45,ENSG00000180448,chr19,1080069,E579Q,missense_variant,E,Q,579,False,25.0,MRARKSSQNV,MRARKSSFNV,10,7,uniprot
ARHGAP45,ENSG00000180448,chr19,1080069,E579Q,missense_variant,E,Q,579,False,25.0,VMRARKSSQN,VMRARKSSFN,10,8,uniprot
ARHGAP45,ENSG00000180448,chr19,1080069,E579Q,missense_variant,E,Q,579,False,25.0,PVMRARKSSQ,PVMRARKSSF,10,9,uniprot
ARHGAP45,ENSG00000180448,chr19,1080069,E579Q,missense_variant,E,Q,579,False,25.0,QNVSDVARPEA,FNVSDVARPEA,11,0,uniprot
ARHGAP45,ENSG00000180448,chr19,1080069,E579Q,missense_variant,E,Q,579,False,25.0,SQNVSDVARPE,SFNVSDVARPE,11,1,uniprot
ARHGAP45,ENSG00000180448,chr19,1080069,E579Q,missense_variant,E,Q,579,False,25.0,SSQNVSDVARP,SSFNVSDVARP,11,2,uniprot
ARHGAP45,ENSG00000180448,chr19,1080069,E579Q,missense_variant,E,Q,579,False,25.0,KSSQNVSDVAR,KSSFNVSDVAR,11,3,uniprot
ARHGAP45,ENSG00000180448,chr19,1080069,E579Q,missense_variant,E,Q,579,False,25.0,RKSSQNVSDVA,RKSSFNVSDVA,11,4,uniprot
ARHGAP45,ENSG00000180448,chr19,1080069,E579Q,missense_variant,E,Q,579,False,25.0,ARKSSQNVSDV,ARKSSFNVSDV,11,5,uniprot
ARHGAP45,ENSG00000180448,chr19,1080069,E579Q,missense_variant,E,Q,579,False,25.0,RARKSSQNVSD,RARKSSFNVSD,11,6,uniprot
ARHGAP45,ENSG00000180448,chr19,1080069,E579Q,missense_variant,E,Q,579,False,25.0,MRARKSSQNVS,MRARKSSFNVS,11,7,uniprot
ARHGAP45,ENSG00000180448,chr19,1080069,E579Q,missense_variant,E,Q,579,False,25.0,VMRARKSSQNV,VMRARKSSFNV,11,8,uniprot
ARHGAP45,ENSG00000180448,chr19,1080069,E579Q,missense_variant,E,Q,579,False,25.0,PVMRARKSSQN,PVMRARKSSFN,11,9,uniprot
ARHGAP45,ENSG00000180448,chr19,1080069,E579Q,missense_variant,E,Q,579,False,25.0,SPVMRARKSSQ,SPVMRARKSSF,11,10,uniprot
ARHGAP45,ENSG00000180448,chr19,1080069,E187Q,missense_variant,E,Q,187,False,25.0,QKAFHYES,VKAFHYES,8,0,uniprot
ARHGAP45,ENSG00000180448,chr19,1080069,E187Q,missense_variant,E,Q,187,False,25.0,KQKAFHYE,KVKAFHYE,8,1,uniprot
ARHGAP45,ENSG00000180448,chr19,1080069,E187Q,missense_variant,E,Q,187,False,25.0,AKQKAFHY,AKVKAFHY,8,2,uniprot
ARHGAP45,ENSG00000180448,chr19,1080069,E187Q,missense_variant,E,Q,187,False,25.0,IAKQKAFH,IAKVKAFH,8,3,uniprot
ARHGAP45,ENSG00000180448,chr19,1080069,E187Q,missense_variant,E,Q,187,False,25.0,LIAKQKAF,LIAKVKAF,8,4,uniprot
ARHGAP45,ENSG00000180448,chr19,1080069,E187Q,missense_variant,E,Q,187,False,25.0,TLIAKQKA,TLIAKVKA,8,5,uniprot
ARHGAP45,ENSG00000180448,chr19,1080069,E187Q,missense_variant,E,Q,187,False,25.0,GTLIAKQK,GTLIAKVK,8,6,uniprot
ARHGAP45,ENSG00000180448,chr19,1080069,E187Q,missense_variant,E,Q,187,False,25.0,AGTLIAKQ,AGTLIAKV,8,7,uniprot
ARHGAP45,ENSG00000180448,chr19,1080069,E187Q,missense_variant,E,Q,187,False,25.0,QKAFHYESN,VKAFHYESN,9,0,uniprot
ARHGAP45,ENSG00000180448,chr19,1080069,E187Q,missense_variant,E,Q,187,False,25.0,KQKAFHYES,KVKAFHYES,9,1,uniprot
ARHGAP45,ENSG00000180448,chr19,1080069,E187Q,missense_variant,E,Q,187,False,25.0,AKQKAFHYE,AKVKAFHYE,9,2,uniprot
ARHGAP45,ENSG00000180448,chr19,1080069,E187Q,missense_variant,E,Q,187,False,25.0,IAKQKAFHY,IAKVKAFHY,9,3,uniprot
ARHGAP45,ENSG00000180448,chr19,1080069,E187Q,missense_variant,E,Q,187,False,25.0,LIAKQKAFH,LIAKVKAFH,9,4,uniprot
ARHGAP45,ENSG00000180448,chr19,1080069,E187Q,missense_variant,E,Q,187,False,25.0,TLIAKQKAF,TLIAKVKAF,9,5,uniprot
ARHGAP45,ENSG00000180448,chr19,1080069,E187Q,missense_variant,E,Q,187,False,25.0,GTLIAKQKA,GTLIAKVKA,9,6,uniprot
ARHGAP45,ENSG00000180448,chr19,1080069,E187Q,missense_variant,E,Q,187,False,25.0,AGTLIAKQK,AGTLIAKVK,9,7,uniprot
ARHGAP45,ENSG00000180448,chr19,1080069,E187Q,missense_variant,E,Q,187,False,25.0,AAGTLIAKQ,AAGTLIAKV,9,8,uniprot
ARHGAP45,ENSG00000180448,chr19,1080069,E187Q,missense_variant,E,Q,187,False,25.0,QKAFHYESNN,VKAFHYESNN,10,0,uniprot
ARHGAP45,ENSG00000180448,chr19,1080069,E187Q,missense_variant,E,Q,187,False,25.0,KQKAFHYESN,KVKAFHYESN,10,1,uniprot
ARHGAP45,ENSG00000180448,chr19,1080069,E187Q,missense_variant,E,Q,187,False,25.0,AKQKAFHYES,AKVKAFHYES,10,2,uniprot
ARHGAP45,ENSG00000180448,chr19,1080069,E187Q,missense_variant,E,Q,187,False,25.0,IAKQKAFHYE,IAKVKAFHYE,10,3,uniprot
ARHGAP45,ENSG00000180448,chr19,1080069,E187Q,missense_variant,E,Q,187,False,25.0,LIAKQKAFHY,LIAKVKAFHY,10,4,uniprot
ARHGAP45,ENSG00000180448,chr19,1080069,E187Q,missense_variant,E,Q,187,False,25.0,TLIAKQKAFH,TLIAKVKAFH,10,5,uniprot
ARHGAP45,ENSG00000180448,chr19,1080069,E187Q,missense_variant,E,Q,187,False,25.0,GTLIAKQKAF,GTLIAKVKAF,10,6,uniprot
ARHGAP45,ENSG00000180448,chr19,1080069,E187Q,missense_variant,E,Q,187,False,25.0,AGTLIAKQKA,AGTLIAKVKA,10,7,uniprot
ARHGAP45,ENSG00000180448,chr19,1080069,E187Q,missense_variant,E,Q,187,False,25.0,AAGTLIAKQK,AAGTLIAKVK,10,8,uniprot
ARHGAP45,ENSG00000180448,chr19,1080069,E187Q,missense_variant,E,Q,187,False,25.0,TAAGTLIAKQ,TAAGTLIAKV,10,9,uniprot
ARHGAP45,ENSG00000180448,chr19,1080069,E187Q,missense_variant,E,Q,187,False,25.0,QKAFHYESNND,VKAFHYESNND,11,0,uniprot
ARHGAP45,ENSG00000180448,chr19,1080069,E187Q,missense_variant,E,Q,187,False,25.0,KQKAFHYESNN,KVKAFHYESNN,11,1,uniprot
ARHGAP45,ENSG00000180448,chr19,1080069,E187Q,missense_variant,E,Q,187,False,25.0,AKQKAFHYESN,AKVKAFHYESN,11,2,uniprot
ARHGAP45,ENSG00000180448,chr19,1080069,E187Q,missense_variant,E,Q,187,False,25.0,IAKQKAFHYES,IAKVKAFHYES,11,3,uniprot
ARHGAP45,ENSG00000180448,chr19,1080069,E187Q,missense_variant,E,Q,187,False,25.0,LIAKQKAFHYE,LIAKVKAFHYE,11,4,uniprot
ARHGAP45,ENSG00000180448,chr19,1080069,E187Q,missense_variant,E,Q,187,False,25.0,TLIAKQKAFHY,TLIAKVKAFHY,11,5,uniprot
ARHGAP45,ENSG00000180448,chr19,1080069,E187Q,missense_variant,E,Q,187,False,25.0,GTLIAKQKAFH,GTLIAKVKAFH,11,6,uniprot
ARHGAP45,ENSG00000180448,chr19,1080069,E187Q,missense_variant,E,Q,187,False,25.0,AGTLIAKQKAF,AGTLIAKVKAF,11,7,uniprot
ARHGAP45,ENSG00000180448,chr19,1080069,E187Q,missense_variant,E,Q,187,False,25.0,AAGTLIAKQKA,AAGTLIAKVKA,11,8,uniprot
ARHGAP45,ENSG00000180448,chr19,1080069,E187Q,missense_variant,E,Q,187,False,25.0,TAAGTLIAKQK,TAAGTLIAKVK,11,9,uniprot
ARHGAP45,ENSG00000180448,chr19,1080069,E187Q,missense_variant,E,Q,187,False,25.0,LTAAGTLIAKQ,LTAAGTLIAKV,11,10,uniprot
ARHGAP45,ENSG00000180448,chr19,1080069,E552Q,missense_variant,E,Q,552,False,25.0,QPDVHYDF,EPDVHYDF,8,0,uniprot
ARHGAP45,ENSG00000180448,chr19,1080069,E552Q,missense_variant,E,Q,552,False,25.0,QQPDVHYD,QEPDVHYD,8,1,uniprot
ARHGAP45,ENSG00000180448,chr19,1080069,E552Q,missense_variant,E,Q,552,False,25.0,DQQPDVHY,DQEPDVHY,8,2,uniprot
ARHGAP45,ENSG00000180448,chr19,1080069,E552Q,missense_variant,E,Q,552,False,25.0,RDQQPDVH,RDQEPDVH,8,3,uniprot
ARHGAP45,ENSG00000180448,chr19,1080069,E552Q,missense_variant,E,Q,552,False,25.0,QRDQQPDV,QRDQEPDV,8,4,uniprot
ARHGAP45,ENSG00000180448,chr19,1080069,E552Q,missense_variant,E,Q,552,False,25.0,LQRDQQPD,LQRDQEPD,8,5,uniprot
ARHGAP45,ENSG00000180448,chr19,1080069,E552Q,missense_variant,E,Q,552,False,25.0,QLQRDQQP,QLQRDQEP,8,6,uniprot
ARHGAP45,ENSG00000180448,chr19,1080069,E552Q,missense_variant,E,Q,552,False,25.0,RQLQRDQQ,RQLQRDQE,8,7,uniprot
ARHGAP45,ENSG00000180448,chr19,1080069,E552Q,missense_variant,E,Q,552,False,25.0,QPDVHYDFE,EPDVHYDFE,9,0,uniprot
ARHGAP45,ENSG00000180448,chr19,1080069,E552Q,missense_variant,E,Q,552,False,25.0,QQPDVHYDF,QEPDVHYDF,9,1,uniprot
ARHGAP45,ENSG00000180448,chr19,1080069,E552Q,missense_variant,E,Q,552,False,25.0,DQQPDVHYD,DQEPDVHYD,9,2,uniprot
ARHGAP45,ENSG00000180448,chr19,1080069,E552Q,missense_variant,E,Q,552,False,25.0,RDQQPDVHY,RDQEPDVHY,9,3,uniprot
ARHGAP45,ENSG00000180448,chr19,1080069,E552Q,missense_variant,E,Q,552,False,25.0,QRDQQPDVH,QRDQEPDVH,9,4,uniprot
ARHGAP45,ENSG00000180448,chr19,1080069,E552Q,missense_variant,E,Q,552,False,25.0,LQRDQQPDV,LQRDQEPDV,9,5,uniprot
ARHGAP45,ENSG00000180448,chr19,1080069,E552Q,missense_variant,E,Q,552,False,25.0,QLQRDQQPD,QLQRDQEPD,9,6,uniprot
ARHGAP45,ENSG00000180448,chr19,1080069,E552Q,missense_variant,E,Q,552,False,25.0,RQLQRDQQP,RQLQRDQEP,9,7,uniprot
ARHGAP45,ENSG00000180448,chr19,1080069,E552Q,missense_variant,E,Q,552,False,25.0,VRQLQRDQQ,VRQLQRDQE,9,8,uniprot
ARHGAP45,ENSG00000180448,chr19,1080069,E552Q,missense_variant,E,Q,552,False,25.0,QPDVHYDFEP,EPDVHYDFEP,10,0,uniprot
ARHGAP45,ENSG00000180448,chr19,1080069,E552Q,missense_variant,E,Q,552,False,25.0,QQPDVHYDFE,QEPDVHYDFE,10,1,uniprot
ARHGAP45,ENSG00000180448,chr19,1080069,E552Q,missense_variant,E,Q,552,False,25.0,DQQPDVHYDF,DQEPDVHYDF,10,2,uniprot
ARHGAP45,ENSG00000180448,chr19,1080069,E552Q,missense_variant,E,Q,552,False,25.0,RDQQPDVHYD,RDQEPDVHYD,10,3,uniprot
ARHGAP45,ENSG00000180448,chr19,1080069,E552Q,missense_variant,E,Q,552,False,25.0,QRDQQPDVHY,QRDQEPDVHY,10,4,uniprot
ARHGAP45,ENSG00000180448,chr19,1080069,E552Q,missense_variant,E,Q,552,False,25.0,LQRDQQPDVH,LQRDQEPDVH,10,5,uniprot
ARHGAP45,ENSG00000180448,chr19,1080069,E552Q,missense_variant,E,Q,552,False,25.0,QLQRDQQPDV,QLQRDQEPDV,10,6,uniprot
ARHGAP45,ENSG00000180448,chr19,1080069,E552Q,missense_variant,E,Q,552,False,25.0,RQLQRDQQPD,RQLQRDQEPD,10,7,uniprot
ARHGAP45,ENSG00000180448,chr19,1080069,E552Q,missense_variant,E,Q,552,False,25.0,VRQLQRDQQP,VRQLQRDQEP,10,8,uniprot
ARHGAP45,ENSG00000180448,chr19,1080069,E552Q,missense_variant,E,Q,552,False,25.0,HVRQLQRDQQ,HVRQLQRDQE,10,9,uniprot
ARHGAP45,ENSG00000180448,chr19,1080069,E552Q,missense_variant,E,Q,552,False,25.0,QPDVHYDFEPH,EPDVHYDFEPH,11,0,uniprot
ARHGAP45,ENSG00000180448,chr19,1080069,E552Q,missense_variant,E,Q,552,False,25.0,QQPDVHYDFEP,QEPDVHYDFEP,11,1,uniprot
ARHGAP45,ENSG00000180448,chr19,1080069,E552Q,missense_variant,E,Q,552,False,25.0,DQQPDVHYDFE,DQEPDVHYDFE,11,2,uniprot
ARHGAP45,ENSG00000180448,chr19,1080069,E552Q,missense_variant,E,Q,552,False,25.0,RDQQPDVHYDF,RDQEPDVHYDF,11,3,uniprot
ARHGAP45,ENSG00000180448,chr19,1080069,E552Q,missense_variant,E,Q,552,False,25.0,QRDQQPDVHYD,QRDQEPDVHYD,11,4,uniprot
ARHGAP45,ENSG00000180448,chr19,1080069,E552Q,missense_variant,E,Q,552,False,25.0,LQRDQQPDVHY,LQRDQEPDVHY,11,5,uniprot
ARHGAP45,ENSG00000180448,chr19,1080069,E552Q,missense_variant,E,Q,552,False,25.0,QLQRDQQPDVH,QLQRDQEPDVH,11,6,uniprot
ARHGAP45,ENSG00000180448,chr19,1080069,E552Q,missense_variant,E,Q,552,False,25.0,RQLQRDQQPDV,RQLQRDQEPDV,11,7,uniprot
ARHGAP45,ENSG00000180448,chr19,1080069,E552Q,missense_variant,E,Q,552,False,25.0,VRQLQRDQQPD,VRQLQRDQEPD,11,8,uniprot
ARHGAP45,ENSG00000180448,chr19,1080069,E552Q,missense_variant,E,Q,552,False,25.0,HVRQLQRDQQP,HVRQLQRDQEP,11,9,uniprot
ARHGAP45,ENSG00000180448,chr19,1080069,E552Q,missense_variant,E,Q,552,False,25.0,SHVRQLQRDQQ,SHVRQLQRDQE,11,10,uniprot
ARHGAP45,ENSG00000180448,chr19,1080069,E568Q,missense_variant,E,Q,568,False,25.0,QSPVMRAR,WSPVMRAR,8,0,uniprot
ARHGAP45,ENSG00000180448,chr19,1080069,E568Q,missense_variant,E,Q,568,False,25.0,AQSPVMRA,AWSPVMRA,8,1,uniprot
ARHGAP45,ENSG00000180448,chr19,1080069,E568Q,missense_variant,E,Q,568,False,25.0,NAQSPVMR,NAWSPVMR,8,2,uniprot
ARHGAP45,ENSG00000180448,chr19,1080069,E568Q,missense_variant,E,Q,568,False,25.0,ANAQSPVM,ANAWSPVM,8,3,uniprot
ARHGAP45,ENSG00000180448,chr19,1080069,E568Q,missense_variant,E,Q,568,False,25.0,SANAQSPV,SANAWSPV,8,4,uniprot
ARHGAP45,ENSG00000180448,chr19,1080069,E568Q,missense_variant,E,Q,568,False,25.0,VSANAQSP,VSANAWSP,8,5,uniprot
ARHGAP45,ENSG00000180448,chr19,1080069,E568Q,missense_variant,E,Q,568,False,25.0,HVSANAQS,HVSANAWS,8,6,uniprot
ARHGAP45,ENSG00000180448,chr19,1080069,E568Q,missense_variant,E,Q,568,False,25.0,PHVSANAQ,PHVSANAW,8,7,uniprot
ARHGAP45,ENSG00000180448,chr19,1080069,E568Q,missense_variant,E,Q,568,False,25.0,QSPVMRARK,WSPVMRARK,9,0,uniprot
ARHGAP45,ENSG00000180448,chr19,1080069,E568Q,missense_variant,E,Q,568,False,25.0,AQSPVMRAR,AWSPVMRAR,9,1,uniprot
ARHGAP45,ENSG00000180448,chr19,1080069,E568Q,missense_variant,E,Q,568,False,25.0,NAQSPVMRA,NAWSPVMRA,9,2,uniprot
ARHGAP45,ENSG00000180448,chr19,1080069,E568Q,missense_variant,E,Q,568,False,25.0,ANAQSPVMR,ANAWSPVMR,9,3,uniprot
ARHGAP45,ENSG00000180448,chr19,1080069,E568Q,missense_variant,E,Q,568,False,25.0,SANAQSPVM,SANAWSPVM,9,4,uniprot
ARHGAP45,ENSG00000180448,chr19,1080069,E568Q,missense_variant,E,Q,568,False,25.0,VSANAQSPV,VSANAWSPV,9,5,uniprot
ARHGAP45,ENSG00000180448,chr19,1080069,E568Q,missense_variant,E,Q,568,False,25.0,HVSANAQSP,HVSANAWSP,9,6,uniprot
ARHGAP45,ENSG00000180448,chr19,1080069,E568Q,missense_variant,E,Q,568,False,25.0,PHVSANAQS,PHVSANAWS,9,7,uniprot
ARHGAP45,ENSG00000180448,chr19,1080069,E568Q,missense_variant,E,Q,568,False,25.0,EPHVSANAQ,EPHVSANAW,9,8,uniprot
ARHGAP45,ENSG00000180448,chr19,1080069,E568Q,missense_variant,E,Q,568,False,25.0,QSPVMRARKS,WSPVMRARKS,10,0,uniprot
ARHGAP45,ENSG00000180448,chr19,1080069,E568Q,missense_variant,E,Q,568,False,25.0,AQSPVMRARK,AWSPVMRARK,10,1,uniprot
ARHGAP45,ENSG00000180448,chr19,1080069,E568Q,missense_variant,E,Q,568,False,25.0,NAQSPVMRAR,NAWSPVMRAR,10,2,uniprot
ARHGAP45,ENSG00000180448,chr19,1080069,E568Q,missense_variant,E,Q,568,False,25.0,ANAQSPVMRA,ANAWSPVMRA,10,3,uniprot
ARHGAP45,ENSG00000180448,chr19,1080069,E568Q,missense_variant,E,Q,568,False,25.0,SANAQSPVMR,SANAWSPVMR,10,4,uniprot
ARHGAP45,ENSG00000180448,chr19,1080069,E568Q,missense_variant,E,Q,568,False,25.0,VSANAQSPVM,VSANAWSPVM,10,5,uniprot
ARHGAP45,ENSG00000180448,chr19,1080069,E568Q,missense_variant,E,Q,568,False,25.0,HVSANAQSPV,HVSANAWSPV,10,6,uniprot
ARHGAP45,ENSG00000180448,chr19,1080069,E568Q,missense_variant,E,Q,568,False,25.0,PHVSANAQSP,PHVSANAWSP,10,7,uniprot
ARHGAP45,ENSG00000180448,chr19,1080069,E568Q,missense_variant,E,Q,568,False,25.0,EPHVSANAQS,EPHVSANAWS,10,8,uniprot
ARHGAP45,ENSG00000180448,chr19,1080069,E568Q,missense_variant,E,Q,568,False,25.0,FEPHVSANAQ,FEPHVSANAW,10,9,uniprot
ARHGAP45,ENSG00000180448,chr19,1080069,E568Q,missense_variant,E,Q,568,False,25.0,QSPVMRARKSS,WSPVMRARKSS,11,0,uniprot
ARHGAP45,ENSG00000180448,chr19,1080069,E568Q,missense_variant,E,Q,568,False,25.0,AQSPVMRARKS,AWSPVMRARKS,11,1,uniprot
ARHGAP45,ENSG00000180448,chr19,1080069,E568Q,missense_variant,E,Q,568,False,25.0,NAQSPVMRARK,NAWSPVMRARK,11,2,uniprot
ARHGAP45,ENSG00000180448,chr19,1080069,E568Q,missense_variant,E,Q,568,False,25.0,ANAQSPVMRAR,ANAWSPVMRAR,11,3,uniprot
ARHGAP45,ENSG00000180448,chr19,1080069,E568Q,missense_variant,E,Q,568,False,25.0,SANAQSPVMRA,SANAWSPVMRA,11,4,uniprot
ARHGAP45,ENSG00000180448,chr19,1080069,E568Q,missense_variant,E,Q,568,False,25.0,VSANAQSPVMR,VSANAWSPVMR,11,5,uniprot
ARHGAP45,ENSG00000180448,chr19,1080069,E568Q,missense_variant,E,Q,568,False,25.0,HVSANAQSPVM,HVSANAWSPVM,11,6,uniprot
ARHGAP45,ENSG00000180448,chr19,1080069,E568Q,missense_variant,E,Q,568,False,25.0,PHVSANAQSPV,PHVSANAWSPV,11,7,uniprot
ARHGAP45,ENSG00000180448,chr19,1080069,E568Q,missense_variant,E,Q,568,False,25.0,EPHVSANAQSP,EPHVSANAWSP,11,8,uniprot
ARHGAP45,ENSG00000180448,chr19,1080069,E568Q,missense_variant,E,Q,568,False,25.0,FEPHVSANAQS,FEPHVSANAWS,11,9,uniprot
ARHGAP45,ENSG00000180448,chr19,1080069,E568Q,missense_variant,E,Q,568,False,25.0,DFEPHVSANAQ,DFEPHVSANAW,11,10,uniprot
ARHGAP45,ENSG00000180448,chr19,1080069,E435Q,missense_variant,E,Q,435,False,25.0,QGAGSTAT,PGAGSTAT,8,0,uniprot
ARHGAP45,ENSG00000180448,chr19,1080069,E435Q,missense_variant,E,Q,435,False,25.0,AQGAGSTA,APGAGSTA,8,1,uniprot
ARHGAP45,ENSG00000180448,chr19,1080069,E435Q,missense_variant,E,Q,435,False,25.0,SAQGAGST,SAPGAGST,8,2,uniprot
ARHGAP45,ENSG00000180448,chr19,1080069,E435Q,missense_variant,E,Q,435,False,25.0,GSAQGAGS,GSAPGAGS,8,3,uniprot
ARHGAP45,ENSG00000180448,chr19,1080069,E435Q,missense_variant,E,Q,435,False,25.0,AGSAQGAG,AGSAPGAG,8,4,uniprot
ARHGAP45,ENSG00000180448,chr19,1080069,E435Q,missense_variant,E,Q,435,False,25.0,QAGSAQGA,QAGSAPGA,8,5,uniprot
ARHGAP45,ENSG00000180448,chr19,1080069,E435Q,missense_variant,E,Q,435,False,25.0,EQAGSAQG,EQAGSAPG,8,6,uniprot
ARHGAP45,ENSG00000180448,chr19,1080069,E435Q,missense_variant,E,Q,435,False,25.0,EEQAGSAQ,EEQAGSAP,8,7,uniprot
ARHGAP45,ENSG00000180448,chr19,1080069,E435Q,missense_variant,E,Q,435,False,25.0,QGAGSTATK,PGAGSTATK,9,0,uniprot
ARHGAP45,ENSG00000180448,chr19,1080069,E435Q,missense_variant,E,Q,435,False,25.0,AQGAGSTAT,APGAGSTAT,9,1,uniprot
ARHGAP45,ENSG00000180448,chr19,1080069,E435Q,missense_variant,E,Q,435,False,25.0,SAQGAGSTA,SAPGAGSTA,9,2,uniprot
ARHGAP45,ENSG00000180448,chr19,1080069,E435Q,missense_variant,E,Q,435,False,25.0,GSAQGAGST,GSAPGAGST,9,3,uniprot
ARHGAP45,ENSG00000180448,chr19,1080069,E435Q,missense_variant,E,Q,435,False,25.0,AGSAQGAGS,AGSAPGAGS,9,4,uniprot
ARHGAP45,ENSG00000180448,chr19,1080069,E435Q,missense_variant,E,Q,435,False,25.0,QAGSAQGAG,QAGSAPGAG,9,5,uniprot
ARHGAP45,ENSG00000180448,chr19,1080069,E435Q,missense_variant,E,Q,435,False,25.0,EQAGSAQGA,EQAGSAPGA,9,6,uniprot
ARHGAP45,ENSG00000180448,chr19,1080069,E435Q,missense_variant,E,Q,435,False,25.0,EEQAGSAQG,EEQAGSAPG,9,7,uniprot
ARHGAP45,ENSG00000180448,chr19,1080069,E435Q,missense_variant,E,Q,435,False,25.0,EEEQAGSAQ,EEEQAGSAP,9,8,uniprot
ARHGAP45,ENSG00000180448,chr19,1080069,E435Q,missense_variant,E,Q,435,False,25.0,QGAGSTATKT,PGAGSTATKT,10,0,uniprot
ARHGAP45,ENSG00000180448,chr19,1080069,E435Q,missense_variant,E,Q,435,False,25.0,AQGAGSTATK,APGAGSTATK,10,1,uniprot
ARHGAP45,ENSG00000180448,chr19,1080069,E435Q,missense_variant,E,Q,435,False,25.0,SAQGAGSTAT,SAPGAGSTAT,10,2,uniprot
ARHGAP45,ENSG00000180448,chr19,1080069,E435Q,missense_variant,E,Q,435,False,25.0,GSAQGAGSTA,GSAPGAGSTA,10,3,uniprot
ARHGAP45,ENSG00000180448,chr19,1080069,E435Q,missense_variant,E,Q,435,False,25.0,AGSAQGAGST,AGSAPGAGST,10,4,uniprot
ARHGAP45,ENSG00000180448,chr19,1080069,E435Q,missense_variant,E,Q,435,False,25.0,QAGSAQGAGS,QAGSAPGAGS,10,5,uniprot
ARHGAP45,ENSG00000180448,chr19,1080069,E435Q,missense_variant,E,Q,435,False,25.0,EQAGSAQGAG,EQAGSAPGAG,10,6,uniprot
ARHGAP45,ENSG00000180448,chr19,1080069,E435Q,missense_variant,E,Q,435,False,25.0,EEQAGSAQGA,EEQAGSAPGA,10,7,uniprot
ARHGAP45,ENSG00000180448,chr19,1080069,E435Q,missense_variant,E,Q,435,False,25.0,EEEQAGSAQG,EEEQAGSAPG,10,8,uniprot
ARHGAP45,ENSG00000180448,chr19,1080069,E435Q,missense_variant,E,Q,435,False,25.0,AEEEQAGSAQ,AEEEQAGSAP,10,9,uniprot
ARHGAP45,ENSG00000180448,chr19,1080069,E435Q,missense_variant,E,Q,435,False,25.0,QGAGSTATKTL,PGAGSTATKTL,11,0,uniprot
ARHGAP45,ENSG00000180448,chr19,1080069,E435Q,missense_variant,E,Q,435,False,25.0,AQGAGSTATKT,APGAGSTATKT,11,1,uniprot
ARHGAP45,ENSG00000180448,chr19,1080069,E435Q,missense_variant,E,Q,435,False,25.0,SAQGAGSTATK,SAPGAGSTATK,11,2,uniprot
ARHGAP45,ENSG00000180448,chr19,1080069,E435Q,missense_variant,E,Q,435,False,25.0,GSAQGAGSTAT,GSAPGAGSTAT,11,3,uniprot
ARHGAP45,ENSG00000180448,chr19,1080069,E435Q,missense_variant,E,Q,435,False,25.0,AGSAQGAGSTA,AGSAPGAGSTA,11,4,uniprot
ARHGAP45,ENSG00000180448,chr19,1080069,E435Q,missense_variant,E,Q,435,False,25.0,QAGSAQGAGST,QAGSAPGAGST,11,5,uniprot
ARHGAP45,ENSG00000180448,chr19,1080069,E435Q,missense_variant,E,Q,435,False,25.0,EQAGSAQGAGS,EQAGSAPGAGS,11,6,uniprot
ARHGAP45,ENSG00000180448,chr19,1080069,E435Q,missense_variant,E,Q,435,False,25.0,EEQAGSAQGAG,EEQAGSAPGAG,11,7,uniprot
ARHGAP45,ENSG00000180448,chr19,1080069,E435Q,missense_variant,E,Q,435,False,25.0,EEEQAGSAQGA,EEEQAGSAPGA,11,8,uniprot
ARHGAP45,ENSG00000180448,chr19,1080069,E435Q,missense_variant,E,Q,435,False,25.0,AEEEQAGSAQG,AEEEQAGSAPG,11,9,uniprot
ARHGAP45,ENSG00000180448,chr19,1080069,E435Q,missense_variant,E,Q,435,False,25.0,KAEEEQAGSAQ,KAEEEQAGSAP,11,10,uniprot
MYO1H,ENSG00000174527,chr12,109409967,E410Q,missense_variant,E,Q,410,False,25.0,QCNEKLQQ,YCNEKLQQ,8,0,uniprot
MYO1H,ENSG00000174527,chr12,109409967,E410Q,missense_variant,E,Q,410,False,25.0,NQCNEKLQ,NYCNEKLQ,8,1,uniprot
MYO1H,ENSG00000174527,chr12,109409967,E410Q,missense_variant,E,Q,410,False,25.0,INQCNEKL,INYCNEKL,8,2,uniprot
MYO1H,ENSG00000174527,chr12,109409967,E410Q,missense_variant,E,Q,410,False,25.0,CINQCNEK,CINYCNEK,8,3,uniprot
MYO1H,ENSG00000174527,chr12,109409967,E410Q,missense_variant,E,Q,410,False,25.0,FCINQCNE,FCINYCNE,8,4,uniprot
MYO1H,ENSG00000174527,chr12,109409967,E410Q,missense_variant,E,Q,410,False,25.0,QFCINQCN,QFCINYCN,8,5,uniprot
MYO1H,ENSG00000174527,chr12,109409967,E410Q,missense_variant,E,Q,410,False,25.0,EQFCINQC,EQFCINYC,8,6,uniprot
MYO1H,ENSG00000174527,chr12,109409967,E410Q,missense_variant,E,Q,410,False,25.0,FEQFCINQ,FEQFCINY,8,7,uniprot
MYO1H,ENSG00000174527,chr12,109409967,E410Q,missense_variant,E,Q,410,False,25.0,QCNEKLQQL,YCNEKLQQL,9,0,uniprot
MYO1H,ENSG00000174527,chr12,109409967,E410Q,missense_variant,E,Q,410,False,25.0,NQCNEKLQQ,NYCNEKLQQ,9,1,uniprot
MYO1H,ENSG00000174527,chr12,109409967,E410Q,missense_variant,E,Q,410,False,25.0,INQCNEKLQ,INYCNEKLQ,9,2,uniprot
MYO1H,ENSG00000174527,chr12,109409967,E410Q,missense_variant,E,Q,410,False,25.0,CINQCNEKL,CINYCNEKL,9,3,uniprot
MYO1H,ENSG00000174527,chr12,109409967,E410Q,missense_variant,E,Q,410,False,25.0,FCINQCNEK,FCINYCNEK,9,4,uniprot
MYO1H,ENSG00000174527,chr12,109409967,E410Q,missense_variant,E,Q,410,False,25.0,QFCINQCNE,QFCINYCNE,9,5,uniprot
MYO1H,ENSG00000174527,chr12,109409967,E410Q,missense_variant,E,Q,410,False,25.0,EQFCINQCN,EQFCINYCN,9,6,uniprot
MYO1H,ENSG00000174527,chr12,109409967,E410Q,missense_variant,E,Q,410,False,25.0,FEQFCINQC,FEQFCINYC,9,7,uniprot
MYO1H,ENSG00000174527,chr12,109409967,E410Q,missense_variant,E,Q,410,False,25.0,GFEQFCINQ,GFEQFCINY,9,8,uniprot
MYO1H,ENSG00000174527,chr12,109409967,E410Q,missense_variant,E,Q,410,False,25.0,QCNEKLQQLL,YCNEKLQQLL,10,0,uniprot
MYO1H,ENSG00000174527,chr12,109409967,E410Q,missense_variant,E,Q,410,False,25.0,NQCNEKLQQL,NYCNEKLQQL,10,1,uniprot
MYO1H,ENSG00000174527,chr12,109409967,E410Q,missense_variant,E,Q,410,False,25.0,INQCNEKLQQ,INYCNEKLQQ,10,2,uniprot
MYO1H,ENSG00000174527,chr12,109409967,E410Q,missense_variant,E,Q,410,False,25.0,CINQCNEKLQ,CINYCNEKLQ,10,3,uniprot
MYO1H,ENSG00000174527,chr12,109409967,E410Q,missense_variant,E,Q,410,False,25.0,FCINQCNEKL,FCINYCNEKL,10,4,uniprot
MYO1H,ENSG00000174527,chr12,109409967,E410Q,missense_variant,E,Q,410,False,25.0,QFCINQCNEK,QFCINYCNEK,10,5,uniprot
MYO1H,ENSG00000174527,chr12,109409967,E410Q,missense_variant,E,Q,410,False,25.0,EQFCINQCNE,EQFCINYCNE,10,6,uniprot
MYO1H,ENSG00000174527,chr12,109409967,E410Q,missense_variant,E,Q,410,False,25.0,FEQFCINQCN,FEQFCINYCN,10,7,uniprot
MYO1H,ENSG00000174527,chr12,109409967,E410Q,missense_variant,E,Q,410,False,25.0,GFEQFCINQC,GFEQFCINYC,10,8,uniprot
MYO1H,ENSG00000174527,chr12,109409967,E410Q,missense_variant,E,Q,410,False,25.0,NGFEQFCINQ,NGFEQFCINY,10,9,uniprot
MYO1H,ENSG00000174527,chr12,109409967,E410Q,missense_variant,E,Q,410,False,25.0,QCNEKLQQLLI,YCNEKLQQLLI,11,0,uniprot
MYO1H,ENSG00000174527,chr12,109409967,E410Q,missense_variant,E,Q,410,False,25.0,NQCNEKLQQLL,NYCNEKLQQLL,11,1,uniprot
MYO1H,ENSG00000174527,chr12,109409967,E410Q,missense_variant,E,Q,410,False,25.0,INQCNEKLQQL,INYCNEKLQQL,11,2,uniprot
MYO1H,ENSG00000174527,chr12,109409967,E410Q,missense_variant,E,Q,410,False,25.0,CINQCNEKLQQ,CINYCNEKLQQ,11,3,uniprot
MYO1H,ENSG00000174527,chr12,109409967,E410Q,missense_variant,E,Q,410,False,25.0,FCINQCNEKLQ,FCINYCNEKLQ,11,4,uniprot
MYO1H,ENSG00000174527,chr12,109409967,E410Q,missense_variant,E,Q,410,False,25.0,QFCINQCNEKL,QFCINYCNEKL,11,5,uniprot
MYO1H,ENSG00000174527,chr12,109409967,E410Q,missense_variant,E,Q,410,False,25.0,EQFCINQCNEK,EQFCINYCNEK,11,6,uniprot
MYO1H,ENSG00000174527,chr12,109409967,E410Q,missense_variant,E,Q,410,False,25.0,FEQFCINQCNE,FEQFCINYCNE,11,7,uniprot
MYO1H,ENSG00000174527,chr12,109409967,E410Q,missense_variant,E,Q,410,False,25.0,GFEQFCINQCN,GFEQFCINYCN,11,8,uniprot
MYO1H,ENSG00000174527,chr12,109409967,E410Q,missense_variant,E,Q,410,False,25.0,NGFEQFCINQC,NGFEQFCINYC,11,9,uniprot
MYO1H,ENSG00000174527,chr12,109409967,E410Q,missense_variant,E,Q,410,False,25.0,KNGFEQFCINQ,KNGFEQFCINY,11,10,uniprot
BAIAP2,ENSG00000175866,chr17,81035271,S6L,missense_variant,S,L,6,False,35.33333333333333,LEEMHRLT,SEEMHRLT,8,0,uniprot
BAIAP2,ENSG00000175866,chr17,81035271,S6L,missense_variant,S,L,6,False,35.33333333333333,RLEEMHRL,RSEEMHRL,8,1,uniprot
BAIAP2,ENSG00000175866,chr17,81035271,S6L,missense_variant,S,L,6,False,35.33333333333333,SRLEEMHR,SRSEEMHR,8,2,uniprot
BAIAP2,ENSG00000175866,chr17,81035271,S6L,missense_variant,S,L,6,False,35.33333333333333,LSRLEEMH,LSRSEEMH,8,3,uniprot
BAIAP2,ENSG00000175866,chr17,81035271,S6L,missense_variant,S,L,6,False,35.33333333333333,SLSRLEEM,SLSRSEEM,8,4,uniprot
BAIAP2,ENSG00000175866,chr17,81035271,S6L,missense_variant,S,L,6,False,35.33333333333333,MSLSRLEE,MSLSRSEE,8,5,uniprot
BAIAP2,ENSG00000175866,chr17,81035271,S6L,missense_variant,S,L,6,False,35.33333333333333,LEEMHRLTE,SEEMHRLTE,9,0,uniprot
BAIAP2,ENSG00000175866,chr17,81035271,S6L,missense_variant,S,L,6,False,35.33333333333333,RLEEMHRLT,RSEEMHRLT,9,1,uniprot
BAIAP2,ENSG00000175866,chr17,81035271,S6L,missense_variant,S,L,6,False,35.33333333333333,SRLEEMHRL,SRSEEMHRL,9,2,uniprot
BAIAP2,ENSG00000175866,chr17,81035271,S6L,missense_variant,S,L,6,False,35.33333333333333,LSRLEEMHR,LSRSEEMHR,9,3,uniprot
BAIAP2,ENSG00000175866,chr17,81035271,S6L,missense_variant,S,L,6,False,35.33333333333333,SLSRLEEMH,SLSRSEEMH,9,4,uniprot
BAIAP2,ENSG00000175866,chr17,81035271,S6L,missense_variant,S,L,6,False,35.33333333333333,MSLSRLEEM,MSLSRSEEM,9,5,uniprot
BAIAP2,ENSG00000175866,chr17,81035271,S6L,missense_variant,S,L,6,False,35.33333333333333,LEEMHRLTEN,SEEMHRLTEN,10,0,uniprot
BAIAP2,ENSG00000175866,chr17,81035271,S6L,missense_variant,S,L,6,False,35.33333333333333,RLEEMHRLTE,RSEEMHRLTE,10,1,uniprot
BAIAP2,ENSG00000175866,chr17,81035271,S6L,missense_variant,S,L,6,False,35.33333333333333,SRLEEMHRLT,SRSEEMHRLT,10,2,uniprot
BAIAP2,ENSG00000175866,chr17,81035271,S6L,missense_variant,S,L,6,False,35.33333333333333,LSRLEEMHRL,LSRSEEMHRL,10,3,uniprot
BAIAP2,ENSG00000175866,chr17,81035271,S6L,missense_variant,S,L,6,False,35.33333333333333,SLSRLEEMHR,SLSRSEEMHR,10,4,uniprot
BAIAP2,ENSG00000175866,chr17,81035271,S6L,missense_variant,S,L,6,False,35.33333333333333,MSLSRLEEMH,MSLSRSEEMH,10,5,uniprot
BAIAP2,ENSG00000175866,chr17,81035271,S6L,missense_variant,S,L,6,False,35.33333333333333,LEEMHRLTENV,SEEMHRLTENV,11,0,uniprot
BAIAP2,ENSG00000175866,chr17,81035271,S6L,missense_variant,S,L,6,False,35.33333333333333,RLEEMHRLTEN,RSEEMHRLTEN,11,1,uniprot
BAIAP2,ENSG00000175866,chr17,81035271,S6L,missense_variant,S,L,6,False,35.33333333333333,SRLEEMHRLTE,SRSEEMHRLTE,11,2,uniprot
BAIAP2,ENSG00000175866,chr17,81035271,S6L,missense_variant,S,L,6,False,35.33333333333333,LSRLEEMHRLT,LSRSEEMHRLT,11,3,uniprot
BAIAP2,ENSG00000175866,chr17,81035271,S6L,missense_variant,S,L,6,False,35.33333333333333,SLSRLEEMHRL,SLSRSEEMHRL,11,4,uniprot
BAIAP2,ENSG00000175866,chr17,81035271,S6L,missense_variant,S,L,6,False,35.33333333333333,MSLSRLEEMHR,MSLSRSEEMHR,11,5,uniprot
CPSF7,ENSG00000149532,chr11,61420006,D156N,missense_variant,D,N,156,False,25.0,NVRPATRQ,DVRPATRQ,8,0,uniprot
CPSF7,ENSG00000149532,chr11,61420006,D156N,missense_variant,D,N,156,False,25.0,VNVRPATR,VDVRPATR,8,1,uniprot
CPSF7,ENSG00000149532,chr11,61420006,D156N,missense_variant,D,N,156,False,25.0,KVNVRPAT,KVDVRPAT,8,2,uniprot
CPSF7,ENSG00000149532,chr11,61420006,D156N,missense_variant,D,N,156,False,25.0,EKVNVRPA,EKVDVRPA,8,3,uniprot
CPSF7,ENSG00000149532,chr11,61420006,D156N,missense_variant,D,N,156,False,25.0,GEKVNVRP,GEKVDVRP,8,4,uniprot
CPSF7,ENSG00000149532,chr11,61420006,D156N,missense_variant,D,N,156,False,25.0,NGEKVNVR,NGEKVDVR,8,5,uniprot
CPSF7,ENSG00000149532,chr11,61420006,D156N,missense_variant,D,N,156,False,25.0,LNGEKVNV,LNGEKVDV,8,6,uniprot
CPSF7,ENSG00000149532,chr11,61420006,D156N,missense_variant,D,N,156,False,25.0,VLNGEKVN,VLNGEKVD,8,7,uniprot
CPSF7,ENSG00000149532,chr11,61420006,D156N,missense_variant,D,N,156,False,25.0,NVRPATRQN,DVRPATRQN,9,0,uniprot
CPSF7,ENSG00000149532,chr11,61420006,D156N,missense_variant,D,N,156,False,25.0,VNVRPATRQ,VDVRPATRQ,9,1,uniprot
CPSF7,ENSG00000149532,chr11,61420006,D156N,missense_variant,D,N,156,False,25.0,KVNVRPATR,KVDVRPATR,9,2,uniprot
CPSF7,ENSG00000149532,chr11,61420006,D156N,missense_variant,D,N,156,False,25.0,EKVNVRPAT,EKVDVRPAT,9,3,uniprot
CPSF7,ENSG00000149532,chr11,61420006,D156N,missense_variant,D,N,156,False,25.0,GEKVNVRPA,GEKVDVRPA,9,4,uniprot
CPSF7,ENSG00000149532,chr11,61420006,D156N,missense_variant,D,N,156,False,25.0,NGEKVNVRP,NGEKVDVRP,9,5,uniprot
CPSF7,ENSG00000149532,chr11,61420006,D156N,missense_variant,D,N,156,False,25.0,LNGEKVNVR,LNGEKVDVR,9,6,uniprot
CPSF7,ENSG00000149532,chr11,61420006,D156N,missense_variant,D,N,156,False,25.0,VLNGEKVNV,VLNGEKVDV,9,7,uniprot
CPSF7,ENSG00000149532,chr11,61420006,D156N,missense_variant,D,N,156,False,25.0,KVLNGEKVN,KVLNGEKVD,9,8,uniprot
CPSF7,ENSG00000149532,chr11,61420006,D156N,missense_variant,D,N,156,False,25.0,NVRPATRQNL,DVRPATRQNL,10,0,uniprot
CPSF7,ENSG00000149532,chr11,61420006,D156N,missense_variant,D,N,156,False,25.0,VNVRPATRQN,VDVRPATRQN,10,1,uniprot
CPSF7,ENSG00000149532,chr11,61420006,D156N,missense_variant,D,N,156,False,25.0,KVNVRPATRQ,KVDVRPATRQ,10,2,uniprot
CPSF7,ENSG00000149532,chr11,61420006,D156N,missense_variant,D,N,156,False,25.0,EKVNVRPATR,EKVDVRPATR,10,3,uniprot
CPSF7,ENSG00000149532,chr11,61420006,D156N,missense_variant,D,N,156,False,25.0,GEKVNVRPAT,GEKVDVRPAT,10,4,uniprot
CPSF7,ENSG00000149532,chr11,61420006,D156N,missense_variant,D,N,156,False,25.0,NGEKVNVRPA,NGEKVDVRPA,10,5,uniprot
CPSF7,ENSG00000149532,chr11,61420006,D156N,missense_variant,D,N,156,False,25.0,LNGEKVNVRP,LNGEKVDVRP,10,6,uniprot
CPSF7,ENSG00000149532,chr11,61420006,D156N,missense_variant,D,N,156,False,25.0,VLNGEKVNVR,VLNGEKVDVR,10,7,uniprot
CPSF7,ENSG00000149532,chr11,61420006,D156N,missense_variant,D,N,156,False,25.0,KVLNGEKVNV,KVLNGEKVDV,10,8,uniprot
CPSF7,ENSG00000149532,chr11,61420006,D156N,missense_variant,D,N,156,False,25.0,GKVLNGEKVN,GKVLNGEKVD,10,9,uniprot
CPSF7,ENSG00000149532,chr11,61420006,D156N,missense_variant,D,N,156,False,25.0,NVRPATRQNLS,DVRPATRQNLS,11,0,uniprot
CPSF7,ENSG00000149532,chr11,61420006,D156N,missense_variant,D,N,156,False,25.0,VNVRPATRQNL,VDVRPATRQNL,11,1,uniprot
CPSF7,ENSG00000149532,chr11,61420006,D156N,missense_variant,D,N,156,False,25.0,KVNVRPATRQN,KVDVRPATRQN,11,2,uniprot
CPSF7,ENSG00000149532,chr11,61420006,D156N,missense_variant,D,N,156,False,25.0,EKVNVRPATRQ,EKVDVRPATRQ,11,3,uniprot
CPSF7,ENSG00000149532,chr11,61420006,D156N,missense_variant,D,N,156,False,25.0,GEKVNVRPATR,GEKVDVRPATR,11,4,uniprot
CPSF7,ENSG00000149532,chr11,61420006,D156N,missense_variant,D,N,156,False,25.0,NGEKVNVRPAT,NGEKVDVRPAT,11,5,uniprot
CPSF7,ENSG00000149532,chr11,61420006,D156N,missense_variant,D,N,156,False,25.0,LNGEKVNVRPA,LNGEKVDVRPA,11,6,uniprot
CPSF7,ENSG00000149532,chr11,61420006,D156N,missense_variant,D,N,156,False,25.0,VLNGEKVNVRP,VLNGEKVDVRP,11,7,uniprot
CPSF7,ENSG00000149532,chr11,61420006,D156N,missense_variant,D,N,156,False,25.0,KVLNGEKVNVR,KVLNGEKVDVR,11,8,uniprot
CPSF7,ENSG00000149532,chr11,61420006,D156N,missense_variant,D,N,156,False,25.0,GKVLNGEKVNV,GKVLNGEKVDV,11,9,uniprot
CPSF7,ENSG00000149532,chr11,61420006,D156N,missense_variant,D,N,156,False,25.0,PGKVLNGEKVN,PGKVLNGEKVD,11,10,uniprot
CPSF7,ENSG00000149532,chr11,61420006,D199N,missense_variant,D,N,199,False,25.0,NGRATPSE,DGRATPSE,8,0,uniprot
CPSF7,ENSG00000149532,chr11,61420006,D199N,missense_variant,D,N,199,False,25.0,ANGRATPS,ADGRATPS,8,1,uniprot
CPSF7,ENSG00000149532,chr11,61420006,D199N,missense_variant,D,N,199,False,25.0,SANGRATP,SADGRATP,8,2,uniprot
CPSF7,ENSG00000149532,chr11,61420006,D199N,missense_variant,D,N,199,False,25.0,DSANGRAT,DSADGRAT,8,3,uniprot
CPSF7,ENSG00000149532,chr11,61420006,D199N,missense_variant,D,N,199,False,25.0,SDSANGRA,SDSADGRA,8,4,uniprot
CPSF7,ENSG00000149532,chr11,61420006,D199N,missense_variant,D,N,199,False,25.0,SSDSANGR,SSDSADGR,8,5,uniprot
CPSF7,ENSG00000149532,chr11,61420006,D199N,missense_variant,D,N,199,False,25.0,DSSDSANG,DSSDSADG,8,6,uniprot
CPSF7,ENSG00000149532,chr11,61420006,D199N,missense_variant,D,N,199,False,25.0,RDSSDSAN,RDSSDSAD,8,7,uniprot
CPSF7,ENSG00000149532,chr11,61420006,D199N,missense_variant,D,N,199,False,25.0,NGRATPSEN,DGRATPSEN,9,0,uniprot
CPSF7,ENSG00000149532,chr11,61420006,D199N,missense_variant,D,N,199,False,25.0,ANGRATPSE,ADGRATPSE,9,1,uniprot
CPSF7,ENSG00000149532,chr11,61420006,D199N,missense_variant,D,N,199,False,25.0,SANGRATPS,SADGRATPS,9,2,uniprot
CPSF7,ENSG00000149532,chr11,61420006,D199N,missense_variant,D,N,199,False,25.0,DSANGRATP,DSADGRATP,9,3,uniprot
CPSF7,ENSG00000149532,chr11,61420006,D199N,missense_variant,D,N,199,False,25.0,SDSANGRAT,SDSADGRAT,9,4,uniprot
CPSF7,ENSG00000149532,chr11,61420006,D199N,missense_variant,D,N,199,False,25.0,SSDSANGRA,SSDSADGRA,9,5,uniprot
CPSF7,ENSG00000149532,chr11,61420006,D199N,missense_variant,D,N,199,False,25.0,DSSDSANGR,DSSDSADGR,9,6,uniprot
CPSF7,ENSG00000149532,chr11,61420006,D199N,missense_variant,D,N,199,False,25.0,RDSSDSANG,RDSSDSADG,9,7,uniprot
CPSF7,ENSG00000149532,chr11,61420006,D199N,missense_variant,D,N,199,False,25.0,SRDSSDSAN,SRDSSDSAD,9,8,uniprot
CPSF7,ENSG00000149532,chr11,61420006,D199N,missense_variant,D,N,199,False,25.0,NGRATPSENL,DGRATPSENL,10,0,uniprot
CPSF7,ENSG00000149532,chr11,61420006,D199N,missense_variant,D,N,199,False,25.0,ANGRATPSEN,ADGRATPSEN,10,1,uniprot
CPSF7,ENSG00000149532,chr11,61420006,D199N,missense_variant,D,N,199,False,25.0,SANGRATPSE,SADGRATPSE,10,2,uniprot
CPSF7,ENSG00000149532,chr11,61420006,D199N,missense_variant,D,N,199,False,25.0,DSANGRATPS,DSADGRATPS,10,3,uniprot
CPSF7,ENSG00000149532,chr11,61420006,D199N,missense_variant,D,N,199,False,25.0,SDSANGRATP,SDSADGRATP,10,4,uniprot
CPSF7,ENSG00000149532,chr11,61420006,D199N,missense_variant,D,N,199,False,25.0,SSDSANGRAT,SSDSADGRAT,10,5,uniprot
CPSF7,ENSG00000149532,chr11,61420006,D199N,missense_variant,D,N,199,False,25.0,DSSDSANGRA,DSSDSADGRA,10,6,uniprot
CPSF7,ENSG00000149532,chr11,61420006,D199N,missense_variant,D,N,199,False,25.0,RDSSDSANGR,RDSSDSADGR,10,7,uniprot
CPSF7,ENSG00000149532,chr11,61420006,D199N,missense_variant,D,N,199,False,25.0,SRDSSDSANG,SRDSSDSADG,10,8,uniprot
CPSF7,ENSG00000149532,chr11,61420006,D199N,missense_variant,D,N,199,False,25.0,HSRDSSDSAN,HSRDSSDSAD,10,9,uniprot
CPSF7,ENSG00000149532,chr11,61420006,D199N,missense_variant,D,N,199,False,25.0,NGRATPSENLV,DGRATPSENLV,11,0,uniprot
CPSF7,ENSG00000149532,chr11,61420006,D199N,missense_variant,D,N,199,False,25.0,ANGRATPSENL,ADGRATPSENL,11,1,uniprot
CPSF7,ENSG00000149532,chr11,61420006,D199N,missense_variant,D,N,199,False,25.0,SANGRATPSEN,SADGRATPSEN,11,2,uniprot
CPSF7,ENSG00000149532,chr11,61420006,D199N,missense_variant,D,N,199,False,25.0,DSANGRATPSE,DSADGRATPSE,11,3,uniprot
CPSF7,ENSG00000149532,chr11,61420006,D199N,missense_variant,D,N,199,False,25.0,SDSANGRATPS,SDSADGRATPS,11,4,uniprot
CPSF7,ENSG00000149532,chr11,61420006,D199N,missense_variant,D,N,199,False,25.0,SSDSANGRATP,SSDSADGRATP,11,5,uniprot
CPSF7,ENSG00000149532,chr11,61420006,D199N,missense_variant,D,N,199,False,25.0,DSSDSANGRAT,DSSDSADGRAT,11,6,uniprot
CPSF7,ENSG00000149532,chr11,61420006,D199N,missense_variant,D,N,199,False,25.0,RDSSDSANGRA,RDSSDSADGRA,11,7,uniprot
CPSF7,ENSG00000149532,chr11,61420006,D199N,missense_variant,D,N,199,False,25.0,SRDSSDSANGR,SRDSSDSADGR,11,8,uniprot
CPSF7,ENSG00000149532,chr11,61420006,D199N,missense_variant,D,N,199,False,25.0,HSRDSSDSANG,HSRDSSDSADG,11,9,uniprot
CPSF7,ENSG00000149532,chr11,61420006,D199N,missense_variant,D,N,199,False,25.0,AHSRDSSDSAN,AHSRDSSDSAD,11,10,uniprot
