enhanced_rank,gene_symbol,aa_change,hla_allele,mutant_peptide,ic50_nM,best_mhc_ii_ic50,clonality,cancer_cell_fraction,gene_tpm,enhanced_score
21,THBS1,V990L,HLA-A*02:01,TLNCDPGLAV,179.74,1958.19,likely_clonal,0.509,10.0,62.03
33,CTXN3,L52F,HLA-A*24:02,IFLDPYRSM,188.47,6501.44,likely_clonal,0.711,10.0,60.71
40,THBS1,V990L,HLA-B*07:02,QGKELVQTL,351.5,9318.7,likely_clonal,0.509,10.0,60.51
61,ATP2B4,V72A,HLA-B*08:01,AALEKRRQV,154.49,1958.19,subclonal,0.365,10.0,59.08
65,ZDHHC19,K258M,HLA-B*08:01,MYMAEAVQL,432.4,4535.9,subclonal,0.45,10.0,58.97
69,ABCA7,R223H,HLA-B*08:01,LLSEHLCSV,472.47,2207.86,likely_clonal,0.512,10.0,58.76
89,ARID3C,P347T,HLA-A*24:02,SFLPRGKVTL,134.7,2806.74,likely_clonal,0.712,10.0,57.89
91,CTXN3,L52F,HLA-A*02:01,FLDPYRSMPT,275.76,6501.44,likely_clonal,0.711,10.0,57.85
104,SRCAP,P3159R,HLA-B*07:02,RPSPLGPEG,92.28,50000.0,likely_clonal,0.59,10.0,57.26
109,SRCAP,P3159R,HLA-B*07:02,RPSPLGPEGS,206.05,50000.0,likely_clonal,0.59,10.0,57.11
136,SLC22A12,Q485H,HLA-B*08:01,ILGPHVRLL,252.1,5114.21,likely_clonal,0.761,10.0,55.33
145,SLC22A12,Q519H,HLA-A*24:02,LLLPETHSL,405.0,1958.19,clonal,0.981,10.0,55.04
155,SRCAP,P2900R,HLA-B*07:02,VPGPERLIV,63.67,3164.59,likely_clonal,0.854,10.0,54.74
163,SRCAP,P2900R,HLA-B*07:02,VPGPERLI,299.99,8264.94,likely_clonal,0.854,10.0,54.42
172,SRCAP,P2900R,HLA-B*07:02,VPGPERLIVA,164.15,3164.59,likely_clonal,0.854,10.0,54.15
174,SRCAP,P2900R,HLA-A*02:01,RLIVADPVL,113.65,5114.21,likely_clonal,0.854,10.0,54.03
176,SYNE1,E4316Q,HLA-B*08:01,LVKQQTSHL,93.66,1366.19,clonal,0.93,10.0,53.96
181,IDH2,R140Q,HLA-B*07:02,SPNGTIQNIL,47.3,3164.59,clonal,0.993,4.1,53.75
186,GMIP,Q628R,HLA-B*08:01,FLRELTEPV,214.32,1074.68,subclonal,0.393,10.0,53.63
187,SYNE1,E4316Q,HLA-B*07:02,LVKQQTSHL,219.43,1366.19,clonal,0.93,10.0,53.6
