gene_symbol,aa_change,consequence_type,chromosome,start_position
SPRY4,,downstream_gene_variant,chr5,142311679
SPRY4,,3_prime_UTR_variant,chr5,142311679
SPRY4,,non_coding_transcript_exon_variant,chr5,142311679
SPRY4,,3_prime_UTR_variant,chr5,142311679
SPRY4,,downstream_gene_variant,chr5,142311679
ZMYM2,G173S,missense_variant,chr13,19993589
ZMYM2,,intron_variant,chr13,19993589
ZMYM2,,intron_variant,chr13,19993589
ZMYM2,G173S,missense_variant,chr13,19993589
ZMYM2,G173S,missense_variant,chr13,19993589
ANXA2R,,upstream_gene_variant,chr5,43044899
ANXA2R,,upstream_gene_variant,chr5,43044899
RINT1,N574K,missense_variant,chr7,105563783
RINT1,,3_prime_UTR_variant,chr7,105563783
ADGRB1,R146W,missense_variant,chr8,142464634
ADGRB1,R146W,missense_variant,chr8,142464634
ADGRB1,R146W,missense_variant,chr8,142464634
ADGRB1,R146W,missense_variant,chr8,142464634
PLIN4,,3_prime_UTR_variant,chr19,4504434
PLIN4,,3_prime_UTR_variant,chr19,4504434
NFATC4,,downstream_gene_variant,chr14,24378947
NFATC4,,3_prime_UTR_variant,chr14,24378947
NFATC4,,3_prime_UTR_variant,chr14,24378947
NFATC4,,downstream_gene_variant,chr14,24378947
NFATC4,,downstream_gene_variant,chr14,24378947
NFATC4,,downstream_gene_variant,chr14,24378947
NFATC4,,downstream_gene_variant,chr14,24378947
NFATC4,,downstream_gene_variant,chr14,24378947
NFATC4,,downstream_gene_variant,chr14,24378947
NFATC4,,downstream_gene_variant,chr14,24378947
NFATC4,,3_prime_UTR_variant,chr14,24378947
NFATC4,,downstream_gene_variant,chr14,24378947
NFATC4,,downstream_gene_variant,chr14,24378947
NFATC4,,3_prime_UTR_variant,chr14,24378947
NFATC4,,downstream_gene_variant,chr14,24378947
NFATC4,,3_prime_UTR_variant,chr14,24378947
NFATC4,,3_prime_UTR_variant,chr14,24378947
NFATC4,,downstream_gene_variant,chr14,24378947
NFATC4,,downstream_gene_variant,chr14,24378947
NFATC4,,downstream_gene_variant,chr14,24378947
NFATC4,,downstream_gene_variant,chr14,24378947
NFATC4,,downstream_gene_variant,chr14,24378947
NFATC4,,downstream_gene_variant,chr14,24378947
NFATC4,,downstream_gene_variant,chr14,24378947
NFATC4,,downstream_gene_variant,chr14,24378947
NFATC4,,3_prime_UTR_variant,chr14,24378947
NFATC4,,downstream_gene_variant,chr14,24378947
NFATC4,,downstream_gene_variant,chr14,24378947
NFATC4,,3_prime_UTR_variant,chr14,24378947
DNAJB12,,3_prime_UTR_variant,chr10,72334490
DNAJB12,,3_prime_UTR_variant,chr10,72334490
DNAJB12,,downstream_gene_variant,chr10,72334490
DNAJB12,,3_prime_UTR_variant,chr10,72334490
DNAJB12,,3_prime_UTR_variant,chr10,72334490
DNAJB12,,downstream_gene_variant,chr10,72334490
C1orf94,Q88*,stop_gained,chr1,34178051
C1orf94,,intron_variant,chr1,34178051
RSPH1,Q121=,splice_region_variant,chr21,42486373
RSPH1,Q83=,splice_region_variant,chr21,42486373
RSPH1,,non_coding_transcript_exon_variant,chr21,42486373
NDUFS1,,downstream_gene_variant,chr2,206123480
NDUFS1,,downstream_gene_variant,chr2,206123480
NDUFS1,,downstream_gene_variant,chr2,206123480
NDUFS1,,downstream_gene_variant,chr2,206123480
NDUFS1,,downstream_gene_variant,chr2,206123480
NDUFS1,,3_prime_UTR_variant,chr2,206123480
NDUFS1,,3_prime_UTR_variant,chr2,206123480
NDUFS1,,downstream_gene_variant,chr2,206123480
MXI1,,downstream_gene_variant,chr10,110286766
MXI1,,downstream_gene_variant,chr10,110286766
MXI1,,downstream_gene_variant,chr10,110286766
MXI1,,downstream_gene_variant,chr10,110286766
MXI1,,downstream_gene_variant,chr10,110286766
MXI1,,3_prime_UTR_variant,chr10,110286766
MXI1,,downstream_gene_variant,chr10,110286766
MXI1,,downstream_gene_variant,chr10,110286766
MXI1,,downstream_gene_variant,chr10,110286766
MXI1,,downstream_gene_variant,chr10,110286766
MXI1,,downstream_gene_variant,chr10,110286766
MXI1,,downstream_gene_variant,chr10,110286766
MXI1,,downstream_gene_variant,chr10,110286766
MXI1,,downstream_gene_variant,chr10,110286766
MXI1,,downstream_gene_variant,chr10,110286766
MXI1,,downstream_gene_variant,chr10,110286766
MXI1,,downstream_gene_variant,chr10,110286766
MXI1,,downstream_gene_variant,chr10,110286766
MXI1,,downstream_gene_variant,chr10,110286766
MXI1,,downstream_gene_variant,chr10,110286766
MXI1,,downstream_gene_variant,chr10,110286766
MXI1,,downstream_gene_variant,chr10,110286766
MXI1,,downstream_gene_variant,chr10,110286766
MXI1,,downstream_gene_variant,chr10,110286766
MXI1,,downstream_gene_variant,chr10,110286766
MXI1,,downstream_gene_variant,chr10,110286766
MXI1,,downstream_gene_variant,chr10,110286766
MXI1,,downstream_gene_variant,chr10,110286766
MXI1,,downstream_gene_variant,chr10,110286766
MXI1,,downstream_gene_variant,chr10,110286766
MXI1,,downstream_gene_variant,chr10,110286766
MXI1,,downstream_gene_variant,chr10,110286766
MXI1,,downstream_gene_variant,chr10,110286766
MXI1,,downstream_gene_variant,chr10,110286766
MXI1,,3_prime_UTR_variant,chr10,110286766
PRDM1,H698Sfs*8,frameshift_variant,chr6,106107096
PRDM1,H712Sfs*8,frameshift_variant,chr6,106107096
PRDM1,H662Sfs*8,frameshift_variant,chr6,106107096
PRDM1,H662Sfs*8,frameshift_variant,chr6,106107096
PRDM1,H662Sfs*8,frameshift_variant,chr6,106107096
PRDM1,,downstream_gene_variant,chr6,106107096
PRDM1,H564Sfs*8,frameshift_variant,chr6,106107096
MDM4,,downstream_gene_variant,chr1,204554682
MDM4,,3_prime_UTR_variant,chr1,204554682
MDM4,,3_prime_UTR_variant,chr1,204554682
MDM4,,3_prime_UTR_variant,chr1,204554682
MDM4,,3_prime_UTR_variant,chr1,204554682
MDM4,,3_prime_UTR_variant,chr1,204554682
MDM4,,downstream_gene_variant,chr1,204554682
MDM4,,3_prime_UTR_variant,chr1,204554682
MDM4,,3_prime_UTR_variant,chr1,204554682
DSTYK,,3_prime_UTR_variant,chr1,205144565
DSTYK,,3_prime_UTR_variant,chr1,205144565
SYTL3,V580I,missense_variant,chr6,158764509
SYTL3,V580I,missense_variant,chr6,158764509
SYTL3,V512I,missense_variant,chr6,158764509
MDGA2,G745=,synonymous_variant,chr14,46855075
MDGA2,G944=,synonymous_variant,chr14,46855075
MDGA2,G646=,synonymous_variant,chr14,46855075
DSC2,,intron_variant,chr18,31102110
DSC2,,5_prime_UTR_variant,chr18,31102110
DSC2,,5_prime_UTR_variant,chr18,31102110
CLEC4C,I52=,synonymous_variant,chr12,7730904
CLEC4C,I99=,synonymous_variant,chr12,7730904
CLEC4C,I90=,synonymous_variant,chr12,7730904
CLEC4C,I99=,synonymous_variant,chr12,7730904
CLEC4C,I130=,synonymous_variant,chr12,7730904
CLEC4C,I130=,synonymous_variant,chr12,7730904
GUCY2C,D522N,missense_variant,chr12,14652000
OR4K5,E196K,missense_variant,chr14,19921192
ARGLU1,,non_coding_transcript_exon_variant,chr13,106559547
ARGLU1,,non_coding_transcript_exon_variant,chr13,106559547
ARGLU1,,non_coding_transcript_exon_variant,chr13,106559547
ARGLU1,I153N,missense_variant,chr13,106559547
KALRN,,non_coding_transcript_exon_variant,chr3,124650836
KALRN,,non_coding_transcript_exon_variant,chr3,124650836
KALRN,S1866I,missense_variant,chr3,124650836
KALRN,S200I,missense_variant,chr3,124650836
KALRN,S168I,missense_variant,chr3,124650836
KALRN,S1897I,missense_variant,chr3,124650836
MME,Y626F,missense_variant,chr3,155168588
MME,Y626F,missense_variant,chr3,155168588
MME,Y626F,missense_variant,chr3,155168588
MME,Y626F,missense_variant,chr3,155168588
MME,,upstream_gene_variant,chr3,155168588
MME,,non_coding_transcript_exon_variant,chr3,155168588
MME,Y656F,missense_variant,chr3,155168588
MME,Y579F,missense_variant,chr3,155168588
MME,Y626F,missense_variant,chr3,155168588
PDS5B,,3_prime_UTR_variant,chr13,32775824
PDS5B,,downstream_gene_variant,chr13,32775824
PDS5B,,3_prime_UTR_variant,chr13,32775824
OPLAH,Q209*,stop_gained,chr8,144059625
OPLAH,Q113*,stop_gained,chr8,144059625
OPLAH,,upstream_gene_variant,chr8,144059625
OPLAH,,upstream_gene_variant,chr8,144059625
FGA,,downstream_gene_variant,chr4,154583700
FGA,,3_prime_UTR_variant,chr4,154583700
FGA,,downstream_gene_variant,chr4,154583700
DNAJB12,,3_prime_UTR_variant,chr10,72334492
DNAJB12,,3_prime_UTR_variant,chr10,72334492
DNAJB12,,3_prime_UTR_variant,chr10,72334492
DNAJB12,,3_prime_UTR_variant,chr10,72334492
DNAJB12,,downstream_gene_variant,chr10,72334492
DNAJB12,,downstream_gene_variant,chr10,72334492
SCIN,,3_prime_UTR_variant,chr7,12653123
SCIN,,downstream_gene_variant,chr7,12653123
SCIN,,3_prime_UTR_variant,chr7,12653123
MTUS1,,downstream_gene_variant,chr8,17645444
MTUS1,,3_prime_UTR_variant,chr8,17645444
MTUS1,,3_prime_UTR_variant,chr8,17645444
MTUS1,,downstream_gene_variant,chr8,17645444
MTUS1,,non_coding_transcript_exon_variant,chr8,17645444
MTUS1,,3_prime_UTR_variant,chr8,17645444
MTUS1,,downstream_gene_variant,chr8,17645444
MTUS1,,3_prime_UTR_variant,chr8,17645444
MTUS1,,downstream_gene_variant,chr8,17645444
MTUS1,,3_prime_UTR_variant,chr8,17645444
MTUS1,,3_prime_UTR_variant,chr8,17645444
MTUS1,,downstream_gene_variant,chr8,17645444
MTUS1,,downstream_gene_variant,chr8,17645444
CCDC105,T427M,missense_variant,chr19,15022899
OR2T33,T132N,missense_variant,chr1,248273420
OR2T33,T132N,missense_variant,chr1,248273420
HMCN1,V2427I,missense_variant,chr1,186057368
HS3ST1,,downstream_gene_variant,chr4,11399476
HS3ST1,,downstream_gene_variant,chr4,11399476
HS3ST1,F177Y,missense_variant,chr4,11399476
VPS11,,non_coding_transcript_exon_variant,chr11,119079209
VPS11,S783G,missense_variant,chr11,119079209
VPS11,S773G,missense_variant,chr11,119079209
VPS11,,downstream_gene_variant,chr11,119079209
VPS11,S239G,missense_variant,chr11,119079209
VPS11,,downstream_gene_variant,chr11,119079209
VPS11,,non_coding_transcript_exon_variant,chr11,119079209
VPS11,,downstream_gene_variant,chr11,119079209
EYS,,3_prime_UTR_variant,chr6,65330691
EYS,,intron_variant,chr6,65330691
EYS,,downstream_gene_variant,chr6,65330691
EYS,,intron_variant,chr6,65330691
FLCN,,downstream_gene_variant,chr17,17221464
FLCN,,non_coding_transcript_exon_variant,chr17,17221464
FLCN,,downstream_gene_variant,chr17,17221464
FLCN,,downstream_gene_variant,chr17,17221464
FLCN,,upstream_gene_variant,chr17,17221464
FLCN,,intron_variant,chr17,17221464
FLCN,W315L,missense_variant,chr17,17221464
FLCN,,downstream_gene_variant,chr17,17221464
SEMA3D,,non_coding_transcript_exon_variant,chr7,84999580
SEMA3D,E732*,stop_gained,chr7,84999580
TLN2,D106H,missense_variant,chr15,62652086
TLN2,,intron_variant,chr15,62652086
TLN2,,non_coding_transcript_exon_variant,chr15,62652086
ASPHD1,P243S,missense_variant,chr16,29901698
ASPHD1,P243S,missense_variant,chr16,29901698
ASPHD1,P243S,missense_variant,chr16,29901698
ASPHD1,,5_prime_UTR_variant,chr16,29901698
ASPHD1,,intron_variant,chr16,29901698
ASPHD1,,5_prime_UTR_variant,chr16,29901698
CD5,D32N,missense_variant,chr11,61115094
CD5,D32N,missense_variant,chr11,61115094
PGAP3,,upstream_gene_variant,chr17,39686007
PGAP3,R65Q,missense_variant,chr17,39686007
PGAP3,R65Q,missense_variant,chr17,39686007
PGAP3,,intron_variant,chr17,39686007
PGAP3,,upstream_gene_variant,chr17,39686007
PGAP3,,5_prime_UTR_variant,chr17,39686007
PGAP3,,upstream_gene_variant,chr17,39686007
PGAP3,,non_coding_transcript_exon_variant,chr17,39686007
PGAP3,R61Q,missense_variant,chr17,39686007
PGAP3,R65Q,missense_variant,chr17,39686007
PGAP3,R65Q,missense_variant,chr17,39686007
NME8,V529F,missense_variant,chr7,37896910
NME8,,non_coding_transcript_exon_variant,chr7,37896910
NME8,V529F,missense_variant,chr7,37896910
ITSN2,,3_prime_UTR_variant,chr2,24202931
ITSN2,,3_prime_UTR_variant,chr2,24202931
ITSN2,,downstream_gene_variant,chr2,24202931
ITSN2,,downstream_gene_variant,chr2,24202931
ITSN2,,downstream_gene_variant,chr2,24202931
ITSN2,,non_coding_transcript_exon_variant,chr2,24202931
ITSN2,,3_prime_UTR_variant,chr2,24202931
CCDC66,,downstream_gene_variant,chr3,56620486
CCDC66,,intron_variant,chr3,56620486
CCDC66,,intron_variant,chr3,56620486
CCDC66,,intron_variant,chr3,56620486
CCDC66,,intron_variant,chr3,56620486
CCDC66,,intron_variant,chr3,56620486
CCDC66,,intron_variant,chr3,56620486
ZNF804B,C44S,missense_variant,chr7,89327473
ZNF804B,C127S,missense_variant,chr7,89327473
TMEM131,G156A,missense_variant,chr2,97844161
TMEM131,G82A,missense_variant,chr2,97844161
TMEM131,G195A,missense_variant,chr2,97844161
LCE1E,,splice_region_variant,chr1,152787428
LCE1E,C43=,synonymous_variant,chr1,152787428
LCE1E,C43=,synonymous_variant,chr1,152787428
SYT1,G176Afs*7,frameshift_variant,chr12,79296116
SYT1,G176Afs*?,frameshift_variant,chr12,79296116
SYT1,G173Afs*7,frameshift_variant,chr12,79296116
SYT1,G176Afs*7,frameshift_variant,chr12,79296116
SYT1,G176Afs*7,frameshift_variant,chr12,79296116
SYT1,,non_coding_transcript_exon_variant,chr12,79296116
SYT1,G173Afs*?,frameshift_variant,chr12,79296116
CBY1,,3_prime_UTR_variant,chr22,38673251
CBY1,,downstream_gene_variant,chr22,38673251
CBY1,,downstream_gene_variant,chr22,38673251
CBY1,,downstream_gene_variant,chr22,38673251
CBY1,,non_coding_transcript_exon_variant,chr22,38673251
CBY1,,downstream_gene_variant,chr22,38673251
CBY1,,3_prime_UTR_variant,chr22,38673251
CBY1,,downstream_gene_variant,chr22,38673251
CBY1,,downstream_gene_variant,chr22,38673251
CBY1,,3_prime_UTR_variant,chr22,38673251
CBY1,,downstream_gene_variant,chr22,38673251
AHR,N123Y,missense_variant,chr7,17327765
AHR,N123Y,missense_variant,chr7,17327765
AHR,,upstream_gene_variant,chr7,17327765
AHR,N108Y,missense_variant,chr7,17327765
MBNL1,,5_prime_UTR_variant,chr3,152300098
MBNL1,,upstream_gene_variant,chr3,152300098
MBNL1,,intron_variant,chr3,152300098
MBNL1,,non_coding_transcript_exon_variant,chr3,152300098
MBNL1,,5_prime_UTR_variant,chr3,152300098
MBNL1,,5_prime_UTR_variant,chr3,152300098
MBNL1,,intron_variant,chr3,152300098
MBNL1,,upstream_gene_variant,chr3,152300098
MBNL1,,5_prime_UTR_variant,chr3,152300098
MBNL1,,non_coding_transcript_exon_variant,chr3,152300098
MBNL1,,intron_variant,chr3,152300098
MBNL1,,5_prime_UTR_variant,chr3,152300098
MBNL1,,5_prime_UTR_variant,chr3,152300098
MBNL1,,5_prime_UTR_variant,chr3,152300098
MBNL1,,intron_variant,chr3,152300098
MBNL1,,5_prime_UTR_variant,chr3,152300098
MBNL1,,5_prime_UTR_variant,chr3,152300098
MBNL1,,upstream_gene_variant,chr3,152300098
MBNL1,,upstream_gene_variant,chr3,152300098
MBNL1,,non_coding_transcript_exon_variant,chr3,152300098
MBNL1,,5_prime_UTR_variant,chr3,152300098
DIS3,,non_coding_transcript_exon_variant,chr13,72780978
DIS3,I85T,missense_variant,chr13,72780978
DIS3,I85T,missense_variant,chr13,72780978
DIS3,,intron_variant,chr13,72780978
DIS3,,5_prime_UTR_variant,chr13,72780978
ANKRD12,,downstream_gene_variant,chr18,9284449
ANKRD12,,3_prime_UTR_variant,chr18,9284449
ZMPSTE24,,3_prime_UTR_variant,chr1,40292540
ZMPSTE24,S433=,synonymous_variant,chr1,40292540
ZMPSTE24,,3_prime_UTR_variant,chr1,40292540
ZMPSTE24,,non_coding_transcript_exon_variant,chr1,40292540
ZMPSTE24,,3_prime_UTR_variant,chr1,40292540
NFIB,,downstream_gene_variant,chr9,14082809
NFIB,,downstream_gene_variant,chr9,14082809
NFIB,,downstream_gene_variant,chr9,14082809
NFIB,,downstream_gene_variant,chr9,14082809
NFIB,,downstream_gene_variant,chr9,14082809
NFIB,,3_prime_UTR_variant,chr9,14082809
NFIB,,downstream_gene_variant,chr9,14082809
NFIB,,downstream_gene_variant,chr9,14082809
NFIB,,3_prime_UTR_variant,chr9,14082809
NFIB,,downstream_gene_variant,chr9,14082809
NFIB,,downstream_gene_variant,chr9,14082809
NFIB,,downstream_gene_variant,chr9,14082809
NFIB,,3_prime_UTR_variant,chr9,14082809
NFIB,,downstream_gene_variant,chr9,14082809
ZNF721,,intron_variant,chr4,440307
ZNF721,,3_prime_UTR_variant,chr4,440307
ZNF721,,downstream_gene_variant,chr4,440307
ZNF721,,intron_variant,chr4,440307
ZNF721,,intron_variant,chr4,440307
ZNF721,,3_prime_UTR_variant,chr4,440307
PCDHB3,F451=,synonymous_variant,chr5,141102002
PCDHB3,,upstream_gene_variant,chr5,141102002
CCDC125,Q346*,stop_gained,chr5,69292251
CCDC125,,intron_variant,chr5,69292251
CCDC125,Q221*,stop_gained,chr5,69292251
CCDC125,Q346*,stop_gained,chr5,69292251
CCDC125,,intron_variant,chr5,69292251
NRXN1,T155N,missense_variant,chr2,50465471
NRXN1,,non_coding_transcript_exon_variant,chr2,50465471
NRXN1,,non_coding_transcript_exon_variant,chr2,50465471
NRXN1,T1100N,missense_variant,chr2,50465471
NRXN1,,non_coding_transcript_exon_variant,chr2,50465471
NRXN1,,non_coding_transcript_exon_variant,chr2,50465471
NRXN1,T1112N,missense_variant,chr2,50465471
NRXN1,,non_coding_transcript_exon_variant,chr2,50465471
NRXN1,T1152N,missense_variant,chr2,50465471
NRXN1,T1104N,missense_variant,chr2,50465471
NRXN1,T1104N,missense_variant,chr2,50465471
NRXN1,,non_coding_transcript_exon_variant,chr2,50465471
NRXN1,T1112N,missense_variant,chr2,50465471
NRXN1,T830N,missense_variant,chr2,50465471
B3GAT2,,upstream_gene_variant,chr6,70956863
B3GAT2,,5_prime_UTR_variant,chr6,70956863
TARDBP,,5_prime_UTR_variant,chr1,11012685
TARDBP,,5_prime_UTR_variant,chr1,11012685
TARDBP,,non_coding_transcript_exon_variant,chr1,11012685
TARDBP,,upstream_gene_variant,chr1,11012685
TARDBP,,upstream_gene_variant,chr1,11012685
TARDBP,,upstream_gene_variant,chr1,11012685
TARDBP,,5_prime_UTR_variant,chr1,11012685
TARDBP,,upstream_gene_variant,chr1,11012685
TARDBP,,upstream_gene_variant,chr1,11012685
TARDBP,,upstream_gene_variant,chr1,11012685
TARDBP,,upstream_gene_variant,chr1,11012685
TARDBP,,upstream_gene_variant,chr1,11012685
TARDBP,,upstream_gene_variant,chr1,11012685
TARDBP,,5_prime_UTR_variant,chr1,11012685
TARDBP,,intron_variant,chr1,11012685
TARDBP,,5_prime_UTR_variant,chr1,11012685
TARDBP,,intron_variant,chr1,11012685
TARDBP,,intron_variant,chr1,11012685
TARDBP,,5_prime_UTR_variant,chr1,11012685
TARDBP,,upstream_gene_variant,chr1,11012685
OR6F1,R293H,missense_variant,chr1,247711878
OR6F1,,non_coding_transcript_exon_variant,chr1,247711878
OR6F1,,non_coding_transcript_exon_variant,chr1,247711878
OR6F1,R293H,missense_variant,chr1,247711878
OR6F1,,non_coding_transcript_exon_variant,chr1,247711878
OR6F1,R293H,missense_variant,chr1,247711878
CHST9,,intron_variant,chr18,26925819
CHST9,,intron_variant,chr18,26925819
CHST9,,intron_variant,chr18,26925819
OPCML,,3_prime_UTR_variant,chr11,132416172
OPCML,,3_prime_UTR_variant,chr11,132416172
OPCML,,3_prime_UTR_variant,chr11,132416172
OPCML,,downstream_gene_variant,chr11,132416172
OPCML,,downstream_gene_variant,chr11,132416172
OPCML,,3_prime_UTR_variant,chr11,132416172
TARDBP,,5_prime_UTR_variant,chr1,11012683
TARDBP,,upstream_gene_variant,chr1,11012683
TARDBP,,upstream_gene_variant,chr1,11012683
TARDBP,,upstream_gene_variant,chr1,11012683
TARDBP,,upstream_gene_variant,chr1,11012683
TARDBP,,intron_variant,chr1,11012683
TARDBP,,upstream_gene_variant,chr1,11012683
TARDBP,,5_prime_UTR_variant,chr1,11012683
TARDBP,,upstream_gene_variant,chr1,11012683
TARDBP,,upstream_gene_variant,chr1,11012683
TARDBP,,5_prime_UTR_variant,chr1,11012683
TARDBP,,intron_variant,chr1,11012683
TARDBP,,upstream_gene_variant,chr1,11012683
TARDBP,,5_prime_UTR_variant,chr1,11012683
TARDBP,,5_prime_UTR_variant,chr1,11012683
TARDBP,,upstream_gene_variant,chr1,11012683
TARDBP,,non_coding_transcript_exon_variant,chr1,11012683
TARDBP,,5_prime_UTR_variant,chr1,11012683
TARDBP,,upstream_gene_variant,chr1,11012683
TARDBP,,intron_variant,chr1,11012683
WNT16,D140=,synonymous_variant,chr7,121331781
WNT16,D150=,synonymous_variant,chr7,121331781
FOXL1,,3_prime_UTR_variant,chr16,86580052
FOXL1,,downstream_gene_variant,chr16,86580052
USH2A,G3949A,missense_variant,chr1,215728250
USH2A,G3949A,missense_variant,chr1,215728250
ETV1,N219S,missense_variant,chr7,13931648
ETV1,N219S,missense_variant,chr7,13931648
ETV1,N201S,missense_variant,chr7,13931648
ETV1,,non_coding_transcript_exon_variant,chr7,13931648
ETV1,,downstream_gene_variant,chr7,13931648
ETV1,N161S,missense_variant,chr7,13931648
ETV1,N219S,missense_variant,chr7,13931648
ETV1,,non_coding_transcript_exon_variant,chr7,13931648
ETV1,N219S,missense_variant,chr7,13931648
ETV1,,non_coding_transcript_exon_variant,chr7,13931648
ETV1,N179S,missense_variant,chr7,13931648
ETV1,N161S,missense_variant,chr7,13931648
ETV1,,downstream_gene_variant,chr7,13931648
ETV1,N201S,missense_variant,chr7,13931648
ETV1,N233S,missense_variant,chr7,13931648
ETV1,N116S,missense_variant,chr7,13931648
ETV1,N116S,missense_variant,chr7,13931648
TTC14,,intron_variant,chr3,180610241
TTC14,,3_prime_UTR_variant,chr3,180610241
TTC14,,intron_variant,chr3,180610241
TTC14,S671L,missense_variant,chr3,180610241
TTC14,,3_prime_UTR_variant,chr3,180610241
TTC14,,downstream_gene_variant,chr3,180610241
TTC14,,downstream_gene_variant,chr3,180610241
