ssm_id,case_id,submitter_id,chromosome,start_position,end_position,reference_allele,tumor_allele,genomic_dna_change,mutation_subtype,gene_symbol,gene_id,consequence_type,aa_change,cohort_type,data_source,cohort_weight
be15eb34-cad6-539d-be09-ce40166ea1fe,0b64552e-7610-446f-aa2d-79b10e034e13,MMRF_2203,chr6,31410748,31410748,C,T,chr6:g.31410748C>T,Single base substitution,MICA,ENSG00000204520,synonymous_variant,N79=,mmrf,MMRF-COMMPASS,1.0
be15eb34-cad6-539d-be09-ce40166ea1fe,0b64552e-7610-446f-aa2d-79b10e034e13,MMRF_2203,chr6,31410748,31410748,C,T,chr6:g.31410748C>T,Single base substitution,MICA,ENSG00000204520,non_coding_transcript_exon_variant,,mmrf,MMRF-COMMPASS,1.0
be15eb34-cad6-539d-be09-ce40166ea1fe,0b64552e-7610-446f-aa2d-79b10e034e13,MMRF_2203,chr6,31410748,31410748,C,T,chr6:g.31410748C>T,Single base substitution,MICA,ENSG00000204520,downstream_gene_variant,,mmrf,MMRF-COMMPASS,1.0
be15eb34-cad6-539d-be09-ce40166ea1fe,0b64552e-7610-446f-aa2d-79b10e034e13,MMRF_2203,chr6,31410748,31410748,C,T,chr6:g.31410748C>T,Single base substitution,MICA,ENSG00000204520,5_prime_UTR_variant,,mmrf,MMRF-COMMPASS,1.0
be15eb34-cad6-539d-be09-ce40166ea1fe,0b64552e-7610-446f-aa2d-79b10e034e13,MMRF_2203,chr6,31410748,31410748,C,T,chr6:g.31410748C>T,Single base substitution,MICA,ENSG00000204520,synonymous_variant,N92=,mmrf,MMRF-COMMPASS,1.0
be15eb34-cad6-539d-be09-ce40166ea1fe,0b64552e-7610-446f-aa2d-79b10e034e13,MMRF_2203,chr6,31410748,31410748,C,T,chr6:g.31410748C>T,Single base substitution,MICA,ENSG00000204520,missense_variant,R12W,mmrf,MMRF-COMMPASS,1.0
5de6981f-f087-5ca0-b29d-a09536ca728d,0b64552e-7610-446f-aa2d-79b10e034e13,MMRF_2203,chr13,113444431,113444431,C,A,chr13:g.113444431C>A,Single base substitution,ADPRHL1,ENSG00000153531,stop_gained,E43*,mmrf,MMRF-COMMPASS,1.0
5de6981f-f087-5ca0-b29d-a09536ca728d,0b64552e-7610-446f-aa2d-79b10e034e13,MMRF_2203,chr13,113444431,113444431,C,A,chr13:g.113444431C>A,Single base substitution,ADPRHL1,ENSG00000153531,stop_gained,E43*,mmrf,MMRF-COMMPASS,1.0
5de6981f-f087-5ca0-b29d-a09536ca728d,0b64552e-7610-446f-aa2d-79b10e034e13,MMRF_2203,chr13,113444431,113444431,C,A,chr13:g.113444431C>A,Single base substitution,ADPRHL1,ENSG00000153531,stop_gained,E125*,mmrf,MMRF-COMMPASS,1.0
5de6981f-f087-5ca0-b29d-a09536ca728d,0b64552e-7610-446f-aa2d-79b10e034e13,MMRF_2203,chr13,113444431,113444431,C,A,chr13:g.113444431C>A,Single base substitution,ADPRHL1,ENSG00000153531,stop_gained,E125*,mmrf,MMRF-COMMPASS,1.0
d0aa5aa3-6dde-5bfa-8d31-f41d55709a98,0b64552e-7610-446f-aa2d-79b10e034e13,MMRF_2203,chr3,8627569,8627569,C,T,chr3:g.8627569C>T,Single base substitution,SSUH2,ENSG00000125046,downstream_gene_variant,,mmrf,MMRF-COMMPASS,1.0
d0aa5aa3-6dde-5bfa-8d31-f41d55709a98,0b64552e-7610-446f-aa2d-79b10e034e13,MMRF_2203,chr3,8627569,8627569,C,T,chr3:g.8627569C>T,Single base substitution,SSUH2,ENSG00000125046,intron_variant,,mmrf,MMRF-COMMPASS,1.0
d0aa5aa3-6dde-5bfa-8d31-f41d55709a98,0b64552e-7610-446f-aa2d-79b10e034e13,MMRF_2203,chr3,8627569,8627569,C,T,chr3:g.8627569C>T,Single base substitution,SSUH2,ENSG00000125046,intron_variant,,mmrf,MMRF-COMMPASS,1.0
d0aa5aa3-6dde-5bfa-8d31-f41d55709a98,0b64552e-7610-446f-aa2d-79b10e034e13,MMRF_2203,chr3,8627569,8627569,C,T,chr3:g.8627569C>T,Single base substitution,SSUH2,ENSG00000125046,intron_variant,,mmrf,MMRF-COMMPASS,1.0
d0aa5aa3-6dde-5bfa-8d31-f41d55709a98,0b64552e-7610-446f-aa2d-79b10e034e13,MMRF_2203,chr3,8627569,8627569,C,T,chr3:g.8627569C>T,Single base substitution,SSUH2,ENSG00000125046,intron_variant,,mmrf,MMRF-COMMPASS,1.0
d0aa5aa3-6dde-5bfa-8d31-f41d55709a98,0b64552e-7610-446f-aa2d-79b10e034e13,MMRF_2203,chr3,8627569,8627569,C,T,chr3:g.8627569C>T,Single base substitution,SSUH2,ENSG00000125046,intron_variant,,mmrf,MMRF-COMMPASS,1.0
d0aa5aa3-6dde-5bfa-8d31-f41d55709a98,0b64552e-7610-446f-aa2d-79b10e034e13,MMRF_2203,chr3,8627569,8627569,C,T,chr3:g.8627569C>T,Single base substitution,SSUH2,ENSG00000125046,downstream_gene_variant,,mmrf,MMRF-COMMPASS,1.0
d0aa5aa3-6dde-5bfa-8d31-f41d55709a98,0b64552e-7610-446f-aa2d-79b10e034e13,MMRF_2203,chr3,8627569,8627569,C,T,chr3:g.8627569C>T,Single base substitution,SSUH2,ENSG00000125046,downstream_gene_variant,,mmrf,MMRF-COMMPASS,1.0
d0aa5aa3-6dde-5bfa-8d31-f41d55709a98,0b64552e-7610-446f-aa2d-79b10e034e13,MMRF_2203,chr3,8627569,8627569,C,T,chr3:g.8627569C>T,Single base substitution,SSUH2,ENSG00000125046,intron_variant,,mmrf,MMRF-COMMPASS,1.0
d0aa5aa3-6dde-5bfa-8d31-f41d55709a98,0b64552e-7610-446f-aa2d-79b10e034e13,MMRF_2203,chr3,8627569,8627569,C,T,chr3:g.8627569C>T,Single base substitution,SSUH2,ENSG00000125046,3_prime_UTR_variant,,mmrf,MMRF-COMMPASS,1.0
d0aa5aa3-6dde-5bfa-8d31-f41d55709a98,0b64552e-7610-446f-aa2d-79b10e034e13,MMRF_2203,chr3,8627569,8627569,C,T,chr3:g.8627569C>T,Single base substitution,SSUH2,ENSG00000125046,intron_variant,,mmrf,MMRF-COMMPASS,1.0
d0aa5aa3-6dde-5bfa-8d31-f41d55709a98,0b64552e-7610-446f-aa2d-79b10e034e13,MMRF_2203,chr3,8627569,8627569,C,T,chr3:g.8627569C>T,Single base substitution,SSUH2,ENSG00000125046,intron_variant,,mmrf,MMRF-COMMPASS,1.0
52aa8614-fdce-54d7-91ac-979c5b12abf7,0b64552e-7610-446f-aa2d-79b10e034e13,MMRF_2203,chr18,11854086,11854086,A,G,chr18:g.11854086A>G,Single base substitution,CHMP1B,ENSG00000255112,3_prime_UTR_variant,,mmrf,MMRF-COMMPASS,1.0
52aa8614-fdce-54d7-91ac-979c5b12abf7,0b64552e-7610-446f-aa2d-79b10e034e13,MMRF_2203,chr18,11854086,11854086,A,G,chr18:g.11854086A>G,Single base substitution,CHMP1B,ENSG00000255112,intron_variant,,mmrf,MMRF-COMMPASS,1.0
1bde916e-1c41-553e-a673-6056bbdf1a55,0b64552e-7610-446f-aa2d-79b10e034e13,MMRF_2203,chr3,89481424,89481424,A,C,chr3:g.89481424A>C,Single base substitution,EPHA3,ENSG00000044524,3_prime_UTR_variant,,mmrf,MMRF-COMMPASS,1.0
1bde916e-1c41-553e-a673-6056bbdf1a55,0b64552e-7610-446f-aa2d-79b10e034e13,MMRF_2203,chr3,89481424,89481424,A,C,chr3:g.89481424A>C,Single base substitution,EPHA3,ENSG00000044524,downstream_gene_variant,,mmrf,MMRF-COMMPASS,1.0
ddbc0db4-0cac-5c8a-9682-c2d234d8898e,0b64552e-7610-446f-aa2d-79b10e034e13,MMRF_2203,chr12,57762741,57762741,G,C,chr12:g.57762741G>C,Single base substitution,CYP27B1,ENSG00000111012,non_coding_transcript_exon_variant,,mmrf,MMRF-COMMPASS,1.0
ddbc0db4-0cac-5c8a-9682-c2d234d8898e,0b64552e-7610-446f-aa2d-79b10e034e13,MMRF_2203,chr12,57762741,57762741,G,C,chr12:g.57762741G>C,Single base substitution,CYP27B1,ENSG00000111012,downstream_gene_variant,,mmrf,MMRF-COMMPASS,1.0
ddbc0db4-0cac-5c8a-9682-c2d234d8898e,0b64552e-7610-446f-aa2d-79b10e034e13,MMRF_2203,chr12,57762741,57762741,G,C,chr12:g.57762741G>C,Single base substitution,CYP27B1,ENSG00000111012,downstream_gene_variant,,mmrf,MMRF-COMMPASS,1.0
ddbc0db4-0cac-5c8a-9682-c2d234d8898e,0b64552e-7610-446f-aa2d-79b10e034e13,MMRF_2203,chr12,57762741,57762741,G,C,chr12:g.57762741G>C,Single base substitution,CYP27B1,ENSG00000111012,downstream_gene_variant,,mmrf,MMRF-COMMPASS,1.0
ddbc0db4-0cac-5c8a-9682-c2d234d8898e,0b64552e-7610-446f-aa2d-79b10e034e13,MMRF_2203,chr12,57762741,57762741,G,C,chr12:g.57762741G>C,Single base substitution,CYP27B1,ENSG00000111012,downstream_gene_variant,,mmrf,MMRF-COMMPASS,1.0
ddbc0db4-0cac-5c8a-9682-c2d234d8898e,0b64552e-7610-446f-aa2d-79b10e034e13,MMRF_2203,chr12,57762741,57762741,G,C,chr12:g.57762741G>C,Single base substitution,CYP27B1,ENSG00000111012,downstream_gene_variant,,mmrf,MMRF-COMMPASS,1.0
ddbc0db4-0cac-5c8a-9682-c2d234d8898e,0b64552e-7610-446f-aa2d-79b10e034e13,MMRF_2203,chr12,57762741,57762741,G,C,chr12:g.57762741G>C,Single base substitution,CYP27B1,ENSG00000111012,3_prime_UTR_variant,,mmrf,MMRF-COMMPASS,1.0
46e59b85-4363-554f-b8c0-fa6141224fe8,0b64552e-7610-446f-aa2d-79b10e034e13,MMRF_2203,chr9,129095562,129095562,G,A,chr9:g.129095562G>A,Single base substitution,CRAT,ENSG00000095321,synonymous_variant,D572=,mmrf,MMRF-COMMPASS,1.0
46e59b85-4363-554f-b8c0-fa6141224fe8,0b64552e-7610-446f-aa2d-79b10e034e13,MMRF_2203,chr9,129095562,129095562,G,A,chr9:g.129095562G>A,Single base substitution,CRAT,ENSG00000095321,3_prime_UTR_variant,,mmrf,MMRF-COMMPASS,1.0
46e59b85-4363-554f-b8c0-fa6141224fe8,0b64552e-7610-446f-aa2d-79b10e034e13,MMRF_2203,chr9,129095562,129095562,G,A,chr9:g.129095562G>A,Single base substitution,CRAT,ENSG00000095321,non_coding_transcript_exon_variant,,mmrf,MMRF-COMMPASS,1.0
46e59b85-4363-554f-b8c0-fa6141224fe8,0b64552e-7610-446f-aa2d-79b10e034e13,MMRF_2203,chr9,129095562,129095562,G,A,chr9:g.129095562G>A,Single base substitution,CRAT,ENSG00000095321,synonymous_variant,D147=,mmrf,MMRF-COMMPASS,1.0
8c7e23ae-e21c-5bf4-a66b-819404bfc3d5,0b64552e-7610-446f-aa2d-79b10e034e13,MMRF_2203,chr4,47852028,47852028,T,G,chr4:g.47852028T>G,Single base substitution,NFXL1,ENSG00000170448,intron_variant,,mmrf,MMRF-COMMPASS,1.0
8c7e23ae-e21c-5bf4-a66b-819404bfc3d5,0b64552e-7610-446f-aa2d-79b10e034e13,MMRF_2203,chr4,47852028,47852028,T,G,chr4:g.47852028T>G,Single base substitution,NFXL1,ENSG00000170448,intron_variant,,mmrf,MMRF-COMMPASS,1.0
8c7e23ae-e21c-5bf4-a66b-819404bfc3d5,0b64552e-7610-446f-aa2d-79b10e034e13,MMRF_2203,chr4,47852028,47852028,T,G,chr4:g.47852028T>G,Single base substitution,NFXL1,ENSG00000170448,intron_variant,,mmrf,MMRF-COMMPASS,1.0
8c7e23ae-e21c-5bf4-a66b-819404bfc3d5,0b64552e-7610-446f-aa2d-79b10e034e13,MMRF_2203,chr4,47852028,47852028,T,G,chr4:g.47852028T>G,Single base substitution,NFXL1,ENSG00000170448,non_coding_transcript_exon_variant,,mmrf,MMRF-COMMPASS,1.0
8c7e23ae-e21c-5bf4-a66b-819404bfc3d5,0b64552e-7610-446f-aa2d-79b10e034e13,MMRF_2203,chr4,47852028,47852028,T,G,chr4:g.47852028T>G,Single base substitution,NFXL1,ENSG00000170448,intron_variant,,mmrf,MMRF-COMMPASS,1.0
8c7e23ae-e21c-5bf4-a66b-819404bfc3d5,0b64552e-7610-446f-aa2d-79b10e034e13,MMRF_2203,chr4,47852028,47852028,T,G,chr4:g.47852028T>G,Single base substitution,NFXL1,ENSG00000170448,intron_variant,,mmrf,MMRF-COMMPASS,1.0
8c7e23ae-e21c-5bf4-a66b-819404bfc3d5,0b64552e-7610-446f-aa2d-79b10e034e13,MMRF_2203,chr4,47852028,47852028,T,G,chr4:g.47852028T>G,Single base substitution,NFXL1,ENSG00000170448,intron_variant,,mmrf,MMRF-COMMPASS,1.0
8c7e23ae-e21c-5bf4-a66b-819404bfc3d5,0b64552e-7610-446f-aa2d-79b10e034e13,MMRF_2203,chr4,47852028,47852028,T,G,chr4:g.47852028T>G,Single base substitution,NFXL1,ENSG00000170448,intron_variant,,mmrf,MMRF-COMMPASS,1.0
