ssm_id,case_id,submitter_id,chromosome,start_position,end_position,reference_allele,tumor_allele,genomic_dna_change,mutation_subtype,gene_symbol,gene_id,consequence_type,aa_change
784fe905-821a-5a2a-b10f-7a6e25682463,3b119f1a-9f12-4629-9ee8-0a54cb69d28f,MMRF_1796,chr2,190203112,190203112,C,T,chr2:g.190203112C>T,Single base substitution,C2orf88,ENSG00000187699,downstream_gene_variant,
784fe905-821a-5a2a-b10f-7a6e25682463,3b119f1a-9f12-4629-9ee8-0a54cb69d28f,MMRF_1796,chr2,190203112,190203112,C,T,chr2:g.190203112C>T,Single base substitution,C2orf88,ENSG00000187699,downstream_gene_variant,
784fe905-821a-5a2a-b10f-7a6e25682463,3b119f1a-9f12-4629-9ee8-0a54cb69d28f,MMRF_1796,chr2,190203112,190203112,C,T,chr2:g.190203112C>T,Single base substitution,C2orf88,ENSG00000187699,3_prime_UTR_variant,
784fe905-821a-5a2a-b10f-7a6e25682463,3b119f1a-9f12-4629-9ee8-0a54cb69d28f,MMRF_1796,chr2,190203112,190203112,C,T,chr2:g.190203112C>T,Single base substitution,C2orf88,ENSG00000187699,downstream_gene_variant,
784fe905-821a-5a2a-b10f-7a6e25682463,3b119f1a-9f12-4629-9ee8-0a54cb69d28f,MMRF_1796,chr2,190203112,190203112,C,T,chr2:g.190203112C>T,Single base substitution,C2orf88,ENSG00000187699,downstream_gene_variant,
784fe905-821a-5a2a-b10f-7a6e25682463,3b119f1a-9f12-4629-9ee8-0a54cb69d28f,MMRF_1796,chr2,190203112,190203112,C,T,chr2:g.190203112C>T,Single base substitution,C2orf88,ENSG00000187699,downstream_gene_variant,
784fe905-821a-5a2a-b10f-7a6e25682463,3b119f1a-9f12-4629-9ee8-0a54cb69d28f,MMRF_1796,chr2,190203112,190203112,C,T,chr2:g.190203112C>T,Single base substitution,C2orf88,ENSG00000187699,downstream_gene_variant,
18906576-a0a3-54ab-93fd-46e2ce8c00ae,3b119f1a-9f12-4629-9ee8-0a54cb69d28f,MMRF_1796,chr19,56576827,56576827,C,T,chr19:g.56576827C>T,Single base substitution,ZNF470,ENSG00000197016,intron_variant,
18906576-a0a3-54ab-93fd-46e2ce8c00ae,3b119f1a-9f12-4629-9ee8-0a54cb69d28f,MMRF_1796,chr19,56576827,56576827,C,T,chr19:g.56576827C>T,Single base substitution,ZNF470,ENSG00000197016,missense_variant,S133L
18906576-a0a3-54ab-93fd-46e2ce8c00ae,3b119f1a-9f12-4629-9ee8-0a54cb69d28f,MMRF_1796,chr19,56576827,56576827,C,T,chr19:g.56576827C>T,Single base substitution,ZNF470,ENSG00000197016,intron_variant,
18906576-a0a3-54ab-93fd-46e2ce8c00ae,3b119f1a-9f12-4629-9ee8-0a54cb69d28f,MMRF_1796,chr19,56576827,56576827,C,T,chr19:g.56576827C>T,Single base substitution,ZNF470,ENSG00000197016,intron_variant,
18906576-a0a3-54ab-93fd-46e2ce8c00ae,3b119f1a-9f12-4629-9ee8-0a54cb69d28f,MMRF_1796,chr19,56576827,56576827,C,T,chr19:g.56576827C>T,Single base substitution,ZNF470,ENSG00000197016,missense_variant,S133L
a51037f7-0e93-5c42-918f-27ebf64b43b0,3b119f1a-9f12-4629-9ee8-0a54cb69d28f,MMRF_1796,chrX,22273721,22273721,C,T,chrX:g.22273721C>T,Single base substitution,CBLL2,ENSG00000175809,stop_gained,Q244*
f7f443c9-558f-5351-826b-a6eac73d0fce,3b119f1a-9f12-4629-9ee8-0a54cb69d28f,MMRF_1796,chr9,130501197,130501197,G,A,chr9:g.130501197G>A,Single base substitution,ASS1,ENSG00000130707,3_prime_UTR_variant,
f7f443c9-558f-5351-826b-a6eac73d0fce,3b119f1a-9f12-4629-9ee8-0a54cb69d28f,MMRF_1796,chr9,130501197,130501197,G,A,chr9:g.130501197G>A,Single base substitution,ASS1,ENSG00000130707,3_prime_UTR_variant,
f7f443c9-558f-5351-826b-a6eac73d0fce,3b119f1a-9f12-4629-9ee8-0a54cb69d28f,MMRF_1796,chr9,130501197,130501197,G,A,chr9:g.130501197G>A,Single base substitution,ASS1,ENSG00000130707,downstream_gene_variant,
f7f443c9-558f-5351-826b-a6eac73d0fce,3b119f1a-9f12-4629-9ee8-0a54cb69d28f,MMRF_1796,chr9,130501197,130501197,G,A,chr9:g.130501197G>A,Single base substitution,ASS1,ENSG00000130707,3_prime_UTR_variant,
08e35815-7049-50fd-8f20-86b9c08d1c29,3b119f1a-9f12-4629-9ee8-0a54cb69d28f,MMRF_1796,chr8,66665389,66665389,C,G,chr8:g.66665389C>G,Single base substitution,VCPIP1,ENSG00000175073,missense_variant,D524H
0fcaa1ec-c79a-5468-992e-dd062e772b19,3b119f1a-9f12-4629-9ee8-0a54cb69d28f,MMRF_1796,chr2,161976788,161976788,G,C,chr2:g.161976788G>C,Single base substitution,SLC4A10,ENSG00000144290,3_prime_UTR_variant,
0fcaa1ec-c79a-5468-992e-dd062e772b19,3b119f1a-9f12-4629-9ee8-0a54cb69d28f,MMRF_1796,chr2,161976788,161976788,G,C,chr2:g.161976788G>C,Single base substitution,SLC4A10,ENSG00000144290,missense_variant,D1056H
0fcaa1ec-c79a-5468-992e-dd062e772b19,3b119f1a-9f12-4629-9ee8-0a54cb69d28f,MMRF_1796,chr2,161976788,161976788,G,C,chr2:g.161976788G>C,Single base substitution,SLC4A10,ENSG00000144290,missense_variant,D1056H
0fcaa1ec-c79a-5468-992e-dd062e772b19,3b119f1a-9f12-4629-9ee8-0a54cb69d28f,MMRF_1796,chr2,161976788,161976788,G,C,chr2:g.161976788G>C,Single base substitution,SLC4A10,ENSG00000144290,missense_variant,D1086H
0fcaa1ec-c79a-5468-992e-dd062e772b19,3b119f1a-9f12-4629-9ee8-0a54cb69d28f,MMRF_1796,chr2,161976788,161976788,G,C,chr2:g.161976788G>C,Single base substitution,SLC4A10,ENSG00000144290,missense_variant,D1067H
0fcaa1ec-c79a-5468-992e-dd062e772b19,3b119f1a-9f12-4629-9ee8-0a54cb69d28f,MMRF_1796,chr2,161976788,161976788,G,C,chr2:g.161976788G>C,Single base substitution,SLC4A10,ENSG00000144290,intron_variant,
10ced7bd-79f9-56e5-8475-33271b147265,3b119f1a-9f12-4629-9ee8-0a54cb69d28f,MMRF_1796,chr14,81476451,81476451,C,T,chr14:g.81476451C>T,Single base substitution,SEL1L,ENSG00000071537,3_prime_UTR_variant,
10ced7bd-79f9-56e5-8475-33271b147265,3b119f1a-9f12-4629-9ee8-0a54cb69d28f,MMRF_1796,chr14,81476451,81476451,C,T,chr14:g.81476451C>T,Single base substitution,SEL1L,ENSG00000071537,downstream_gene_variant,
a546a70c-91d5-5efc-a4b9-b1248d86c4b8,3b119f1a-9f12-4629-9ee8-0a54cb69d28f,MMRF_1796,chr22,20425459,20425459,C,T,chr22:g.20425459C>T,Single base substitution,SCARF2,ENSG00000244486,synonymous_variant,K839=
a546a70c-91d5-5efc-a4b9-b1248d86c4b8,3b119f1a-9f12-4629-9ee8-0a54cb69d28f,MMRF_1796,chr22,20425459,20425459,C,T,chr22:g.20425459C>T,Single base substitution,SCARF2,ENSG00000244486,synonymous_variant,K844=
a546a70c-91d5-5efc-a4b9-b1248d86c4b8,3b119f1a-9f12-4629-9ee8-0a54cb69d28f,MMRF_1796,chr22,20425459,20425459,C,T,chr22:g.20425459C>T,Single base substitution,SCARF2,ENSG00000244486,downstream_gene_variant,
913352b9-d2da-5fb2-bf13-8cc8350d5077,3b119f1a-9f12-4629-9ee8-0a54cb69d28f,MMRF_1796,chr7,48646404,48646404,C,G,chr7:g.48646404C>G,Single base substitution,ABCA13,ENSG00000179869,3_prime_UTR_variant,
913352b9-d2da-5fb2-bf13-8cc8350d5077,3b119f1a-9f12-4629-9ee8-0a54cb69d28f,MMRF_1796,chr7,48646404,48646404,C,G,chr7:g.48646404C>G,Single base substitution,ABCA13,ENSG00000179869,3_prime_UTR_variant,
913352b9-d2da-5fb2-bf13-8cc8350d5077,3b119f1a-9f12-4629-9ee8-0a54cb69d28f,MMRF_1796,chr7,48646404,48646404,C,G,chr7:g.48646404C>G,Single base substitution,ABCA13,ENSG00000179869,downstream_gene_variant,
913352b9-d2da-5fb2-bf13-8cc8350d5077,3b119f1a-9f12-4629-9ee8-0a54cb69d28f,MMRF_1796,chr7,48646404,48646404,C,G,chr7:g.48646404C>G,Single base substitution,ABCA13,ENSG00000179869,downstream_gene_variant,
8b980a43-69a9-5767-8a28-7be3ab333cfc,3b119f1a-9f12-4629-9ee8-0a54cb69d28f,MMRF_1796,chr19,648209,648209,G,A,chr19:g.648209G>A,Single base substitution,RNF126,ENSG00000070423,downstream_gene_variant,
8b980a43-69a9-5767-8a28-7be3ab333cfc,3b119f1a-9f12-4629-9ee8-0a54cb69d28f,MMRF_1796,chr19,648209,648209,G,A,chr19:g.648209G>A,Single base substitution,RNF126,ENSG00000070423,non_coding_transcript_exon_variant,
8b980a43-69a9-5767-8a28-7be3ab333cfc,3b119f1a-9f12-4629-9ee8-0a54cb69d28f,MMRF_1796,chr19,648209,648209,G,A,chr19:g.648209G>A,Single base substitution,RNF126,ENSG00000070423,synonymous_variant,L258=
8b980a43-69a9-5767-8a28-7be3ab333cfc,3b119f1a-9f12-4629-9ee8-0a54cb69d28f,MMRF_1796,chr19,648209,648209,G,A,chr19:g.648209G>A,Single base substitution,RNF126,ENSG00000070423,non_coding_transcript_exon_variant,
8b980a43-69a9-5767-8a28-7be3ab333cfc,3b119f1a-9f12-4629-9ee8-0a54cb69d28f,MMRF_1796,chr19,648209,648209,G,A,chr19:g.648209G>A,Single base substitution,RNF126,ENSG00000070423,synonymous_variant,L285=
8b980a43-69a9-5767-8a28-7be3ab333cfc,3b119f1a-9f12-4629-9ee8-0a54cb69d28f,MMRF_1796,chr19,648209,648209,G,A,chr19:g.648209G>A,Single base substitution,RNF126,ENSG00000070423,3_prime_UTR_variant,
8b980a43-69a9-5767-8a28-7be3ab333cfc,3b119f1a-9f12-4629-9ee8-0a54cb69d28f,MMRF_1796,chr19,648209,648209,G,A,chr19:g.648209G>A,Single base substitution,RNF126,ENSG00000070423,downstream_gene_variant,
56c2e442-d393-5255-b745-bbf0d44cf3ee,3b119f1a-9f12-4629-9ee8-0a54cb69d28f,MMRF_1796,chr7,77600725,77600725,C,T,chr7:g.77600725C>T,Single base substitution,PTPN12,ENSG00000127947,missense_variant,S144L
56c2e442-d393-5255-b745-bbf0d44cf3ee,3b119f1a-9f12-4629-9ee8-0a54cb69d28f,MMRF_1796,chr7,77600725,77600725,C,T,chr7:g.77600725C>T,Single base substitution,PTPN12,ENSG00000127947,missense_variant,S205L
56c2e442-d393-5255-b745-bbf0d44cf3ee,3b119f1a-9f12-4629-9ee8-0a54cb69d28f,MMRF_1796,chr7,77600725,77600725,C,T,chr7:g.77600725C>T,Single base substitution,PTPN12,ENSG00000127947,missense_variant,S75L
56c2e442-d393-5255-b745-bbf0d44cf3ee,3b119f1a-9f12-4629-9ee8-0a54cb69d28f,MMRF_1796,chr7,77600725,77600725,C,T,chr7:g.77600725C>T,Single base substitution,PTPN12,ENSG00000127947,non_coding_transcript_exon_variant,
56c2e442-d393-5255-b745-bbf0d44cf3ee,3b119f1a-9f12-4629-9ee8-0a54cb69d28f,MMRF_1796,chr7,77600725,77600725,C,T,chr7:g.77600725C>T,Single base substitution,PTPN12,ENSG00000127947,missense_variant,S86L
56c2e442-d393-5255-b745-bbf0d44cf3ee,3b119f1a-9f12-4629-9ee8-0a54cb69d28f,MMRF_1796,chr7,77600725,77600725,C,T,chr7:g.77600725C>T,Single base substitution,PTPN12,ENSG00000127947,missense_variant,S86L
56c2e442-d393-5255-b745-bbf0d44cf3ee,3b119f1a-9f12-4629-9ee8-0a54cb69d28f,MMRF_1796,chr7,77600725,77600725,C,T,chr7:g.77600725C>T,Single base substitution,PTPN12,ENSG00000127947,missense_variant,S86L
97728b25-7f10-53ee-a389-5a3704b4ff0a,3b119f1a-9f12-4629-9ee8-0a54cb69d28f,MMRF_1796,chr12,132737068,132737068,G,A,chr12:g.132737068G>A,Single base substitution,ANKLE2,ENSG00000176915,non_coding_transcript_exon_variant,
97728b25-7f10-53ee-a389-5a3704b4ff0a,3b119f1a-9f12-4629-9ee8-0a54cb69d28f,MMRF_1796,chr12,132737068,132737068,G,A,chr12:g.132737068G>A,Single base substitution,ANKLE2,ENSG00000176915,upstream_gene_variant,
97728b25-7f10-53ee-a389-5a3704b4ff0a,3b119f1a-9f12-4629-9ee8-0a54cb69d28f,MMRF_1796,chr12,132737068,132737068,G,A,chr12:g.132737068G>A,Single base substitution,ANKLE2,ENSG00000176915,upstream_gene_variant,
97728b25-7f10-53ee-a389-5a3704b4ff0a,3b119f1a-9f12-4629-9ee8-0a54cb69d28f,MMRF_1796,chr12,132737068,132737068,G,A,chr12:g.132737068G>A,Single base substitution,ANKLE2,ENSG00000176915,splice_region_variant,
97728b25-7f10-53ee-a389-5a3704b4ff0a,3b119f1a-9f12-4629-9ee8-0a54cb69d28f,MMRF_1796,chr12,132737068,132737068,G,A,chr12:g.132737068G>A,Single base substitution,ANKLE2,ENSG00000176915,splice_region_variant,
97728b25-7f10-53ee-a389-5a3704b4ff0a,3b119f1a-9f12-4629-9ee8-0a54cb69d28f,MMRF_1796,chr12,132737068,132737068,G,A,chr12:g.132737068G>A,Single base substitution,ANKLE2,ENSG00000176915,splice_region_variant,
97728b25-7f10-53ee-a389-5a3704b4ff0a,3b119f1a-9f12-4629-9ee8-0a54cb69d28f,MMRF_1796,chr12,132737068,132737068,G,A,chr12:g.132737068G>A,Single base substitution,ANKLE2,ENSG00000176915,splice_region_variant,
97728b25-7f10-53ee-a389-5a3704b4ff0a,3b119f1a-9f12-4629-9ee8-0a54cb69d28f,MMRF_1796,chr12,132737068,132737068,G,A,chr12:g.132737068G>A,Single base substitution,ANKLE2,ENSG00000176915,upstream_gene_variant,
97728b25-7f10-53ee-a389-5a3704b4ff0a,3b119f1a-9f12-4629-9ee8-0a54cb69d28f,MMRF_1796,chr12,132737068,132737068,G,A,chr12:g.132737068G>A,Single base substitution,ANKLE2,ENSG00000176915,upstream_gene_variant,
97728b25-7f10-53ee-a389-5a3704b4ff0a,3b119f1a-9f12-4629-9ee8-0a54cb69d28f,MMRF_1796,chr12,132737068,132737068,G,A,chr12:g.132737068G>A,Single base substitution,ANKLE2,ENSG00000176915,splice_region_variant,
97728b25-7f10-53ee-a389-5a3704b4ff0a,3b119f1a-9f12-4629-9ee8-0a54cb69d28f,MMRF_1796,chr12,132737068,132737068,G,A,chr12:g.132737068G>A,Single base substitution,ANKLE2,ENSG00000176915,splice_region_variant,
e091c1e1-8898-5cc4-bef4-3c6fad00b95a,3b119f1a-9f12-4629-9ee8-0a54cb69d28f,MMRF_1796,chr2,26780360,26780360,G,A,chr2:g.26780360G>A,Single base substitution,SLC35F6,ENSG00000213699,3_prime_UTR_variant,
e091c1e1-8898-5cc4-bef4-3c6fad00b95a,3b119f1a-9f12-4629-9ee8-0a54cb69d28f,MMRF_1796,chr2,26780360,26780360,G,A,chr2:g.26780360G>A,Single base substitution,SLC35F6,ENSG00000213699,3_prime_UTR_variant,
e091c1e1-8898-5cc4-bef4-3c6fad00b95a,3b119f1a-9f12-4629-9ee8-0a54cb69d28f,MMRF_1796,chr2,26780360,26780360,G,A,chr2:g.26780360G>A,Single base substitution,SLC35F6,ENSG00000213699,3_prime_UTR_variant,
e091c1e1-8898-5cc4-bef4-3c6fad00b95a,3b119f1a-9f12-4629-9ee8-0a54cb69d28f,MMRF_1796,chr2,26780360,26780360,G,A,chr2:g.26780360G>A,Single base substitution,SLC35F6,ENSG00000213699,downstream_gene_variant,
db171790-34cf-544a-902b-7edaf629b75c,3b119f1a-9f12-4629-9ee8-0a54cb69d28f,MMRF_1796,chr17,5553418,5553418,C,T,chr17:g.5553418C>T,Single base substitution,NLRP1,ENSG00000091592,non_coding_transcript_exon_variant,
db171790-34cf-544a-902b-7edaf629b75c,3b119f1a-9f12-4629-9ee8-0a54cb69d28f,MMRF_1796,chr17,5553418,5553418,C,T,chr17:g.5553418C>T,Single base substitution,NLRP1,ENSG00000091592,synonymous_variant,L832=
db171790-34cf-544a-902b-7edaf629b75c,3b119f1a-9f12-4629-9ee8-0a54cb69d28f,MMRF_1796,chr17,5553418,5553418,C,T,chr17:g.5553418C>T,Single base substitution,NLRP1,ENSG00000091592,synonymous_variant,L832=
db171790-34cf-544a-902b-7edaf629b75c,3b119f1a-9f12-4629-9ee8-0a54cb69d28f,MMRF_1796,chr17,5553418,5553418,C,T,chr17:g.5553418C>T,Single base substitution,NLRP1,ENSG00000091592,synonymous_variant,L832=
db171790-34cf-544a-902b-7edaf629b75c,3b119f1a-9f12-4629-9ee8-0a54cb69d28f,MMRF_1796,chr17,5553418,5553418,C,T,chr17:g.5553418C>T,Single base substitution,NLRP1,ENSG00000091592,synonymous_variant,L832=
db171790-34cf-544a-902b-7edaf629b75c,3b119f1a-9f12-4629-9ee8-0a54cb69d28f,MMRF_1796,chr17,5553418,5553418,C,T,chr17:g.5553418C>T,Single base substitution,NLRP1,ENSG00000091592,synonymous_variant,L832=
db171790-34cf-544a-902b-7edaf629b75c,3b119f1a-9f12-4629-9ee8-0a54cb69d28f,MMRF_1796,chr17,5553418,5553418,C,T,chr17:g.5553418C>T,Single base substitution,NLRP1,ENSG00000091592,synonymous_variant,L832=
db171790-34cf-544a-902b-7edaf629b75c,3b119f1a-9f12-4629-9ee8-0a54cb69d28f,MMRF_1796,chr17,5553418,5553418,C,T,chr17:g.5553418C>T,Single base substitution,NLRP1,ENSG00000091592,synonymous_variant,L832=
db171790-34cf-544a-902b-7edaf629b75c,3b119f1a-9f12-4629-9ee8-0a54cb69d28f,MMRF_1796,chr17,5553418,5553418,C,T,chr17:g.5553418C>T,Single base substitution,NLRP1,ENSG00000091592,synonymous_variant,L832=
db171790-34cf-544a-902b-7edaf629b75c,3b119f1a-9f12-4629-9ee8-0a54cb69d28f,MMRF_1796,chr17,5553418,5553418,C,T,chr17:g.5553418C>T,Single base substitution,NLRP1,ENSG00000091592,synonymous_variant,L832=
db171790-34cf-544a-902b-7edaf629b75c,3b119f1a-9f12-4629-9ee8-0a54cb69d28f,MMRF_1796,chr17,5553418,5553418,C,T,chr17:g.5553418C>T,Single base substitution,NLRP1,ENSG00000091592,synonymous_variant,L832=
db171790-34cf-544a-902b-7edaf629b75c,3b119f1a-9f12-4629-9ee8-0a54cb69d28f,MMRF_1796,chr17,5553418,5553418,C,T,chr17:g.5553418C>T,Single base substitution,NLRP1,ENSG00000091592,synonymous_variant,L832=
9ae9b810-14aa-56ef-99ea-06ba53c4fcaf,3b119f1a-9f12-4629-9ee8-0a54cb69d28f,MMRF_1796,chr14,35046577,35046577,C,T,chr14:g.35046577C>T,Single base substitution,FAM177A1,ENSG00000151327,upstream_gene_variant,
9ae9b810-14aa-56ef-99ea-06ba53c4fcaf,3b119f1a-9f12-4629-9ee8-0a54cb69d28f,MMRF_1796,chr14,35046577,35046577,C,T,chr14:g.35046577C>T,Single base substitution,FAM177A1,ENSG00000151327,upstream_gene_variant,
9ae9b810-14aa-56ef-99ea-06ba53c4fcaf,3b119f1a-9f12-4629-9ee8-0a54cb69d28f,MMRF_1796,chr14,35046577,35046577,C,T,chr14:g.35046577C>T,Single base substitution,FAM177A1,ENSG00000151327,synonymous_variant,V38=
9ae9b810-14aa-56ef-99ea-06ba53c4fcaf,3b119f1a-9f12-4629-9ee8-0a54cb69d28f,MMRF_1796,chr14,35046577,35046577,C,T,chr14:g.35046577C>T,Single base substitution,FAM177A1,ENSG00000151327,synonymous_variant,V38=
9ae9b810-14aa-56ef-99ea-06ba53c4fcaf,3b119f1a-9f12-4629-9ee8-0a54cb69d28f,MMRF_1796,chr14,35046577,35046577,C,T,chr14:g.35046577C>T,Single base substitution,FAM177A1,ENSG00000151327,synonymous_variant,V15=
9ae9b810-14aa-56ef-99ea-06ba53c4fcaf,3b119f1a-9f12-4629-9ee8-0a54cb69d28f,MMRF_1796,chr14,35046577,35046577,C,T,chr14:g.35046577C>T,Single base substitution,FAM177A1,ENSG00000151327,upstream_gene_variant,
9ae9b810-14aa-56ef-99ea-06ba53c4fcaf,3b119f1a-9f12-4629-9ee8-0a54cb69d28f,MMRF_1796,chr14,35046577,35046577,C,T,chr14:g.35046577C>T,Single base substitution,FAM177A1,ENSG00000151327,synonymous_variant,V15=
9ae9b810-14aa-56ef-99ea-06ba53c4fcaf,3b119f1a-9f12-4629-9ee8-0a54cb69d28f,MMRF_1796,chr14,35046577,35046577,C,T,chr14:g.35046577C>T,Single base substitution,FAM177A1,ENSG00000151327,synonymous_variant,V15=
e39eff12-b252-5fb7-8b02-ffda121b04ab,3b119f1a-9f12-4629-9ee8-0a54cb69d28f,MMRF_1796,chr4,173616047,173616047,T,C,chr4:g.173616047T>C,Single base substitution,MORF4,ENSG00000234801,non_coding_transcript_exon_variant,
7b76fc4a-e911-5647-9c3f-21e55932f42a,3b119f1a-9f12-4629-9ee8-0a54cb69d28f,MMRF_1796,chr10,30458104,30458104,C,T,chr10:g.30458104C>T,Single base substitution,MAP3K8,ENSG00000107968,synonymous_variant,V298=
7b76fc4a-e911-5647-9c3f-21e55932f42a,3b119f1a-9f12-4629-9ee8-0a54cb69d28f,MMRF_1796,chr10,30458104,30458104,C,T,chr10:g.30458104C>T,Single base substitution,MAP3K8,ENSG00000107968,synonymous_variant,V298=
7b76fc4a-e911-5647-9c3f-21e55932f42a,3b119f1a-9f12-4629-9ee8-0a54cb69d28f,MMRF_1796,chr10,30458104,30458104,C,T,chr10:g.30458104C>T,Single base substitution,MAP3K8,ENSG00000107968,synonymous_variant,V298=
b4c207ed-5457-525b-af8f-ad96bc85dd83,3b119f1a-9f12-4629-9ee8-0a54cb69d28f,MMRF_1796,chr5,170258221,170258221,G,A,chr5:g.170258221G>A,Single base substitution,LCP2,ENSG00000043462,intron_variant,
b4c207ed-5457-525b-af8f-ad96bc85dd83,3b119f1a-9f12-4629-9ee8-0a54cb69d28f,MMRF_1796,chr5,170258221,170258221,G,A,chr5:g.170258221G>A,Single base substitution,LCP2,ENSG00000043462,intron_variant,
b4c207ed-5457-525b-af8f-ad96bc85dd83,3b119f1a-9f12-4629-9ee8-0a54cb69d28f,MMRF_1796,chr5,170258221,170258221,G,A,chr5:g.170258221G>A,Single base substitution,LCP2,ENSG00000043462,non_coding_transcript_exon_variant,
b4c207ed-5457-525b-af8f-ad96bc85dd83,3b119f1a-9f12-4629-9ee8-0a54cb69d28f,MMRF_1796,chr5,170258221,170258221,G,A,chr5:g.170258221G>A,Single base substitution,LCP2,ENSG00000043462,intron_variant,
e860fd6f-a15b-5468-94e0-db0a37ca6eb3,3b119f1a-9f12-4629-9ee8-0a54cb69d28f,MMRF_1796,chr15,74844216,74844216,G,A,chr15:g.74844216G>A,Single base substitution,SCAMP2,ENSG00000140497,downstream_gene_variant,
e860fd6f-a15b-5468-94e0-db0a37ca6eb3,3b119f1a-9f12-4629-9ee8-0a54cb69d28f,MMRF_1796,chr15,74844216,74844216,G,A,chr15:g.74844216G>A,Single base substitution,SCAMP2,ENSG00000140497,3_prime_UTR_variant,
e860fd6f-a15b-5468-94e0-db0a37ca6eb3,3b119f1a-9f12-4629-9ee8-0a54cb69d28f,MMRF_1796,chr15,74844216,74844216,G,A,chr15:g.74844216G>A,Single base substitution,SCAMP2,ENSG00000140497,3_prime_UTR_variant,
e860fd6f-a15b-5468-94e0-db0a37ca6eb3,3b119f1a-9f12-4629-9ee8-0a54cb69d28f,MMRF_1796,chr15,74844216,74844216,G,A,chr15:g.74844216G>A,Single base substitution,SCAMP2,ENSG00000140497,downstream_gene_variant,
e860fd6f-a15b-5468-94e0-db0a37ca6eb3,3b119f1a-9f12-4629-9ee8-0a54cb69d28f,MMRF_1796,chr15,74844216,74844216,G,A,chr15:g.74844216G>A,Single base substitution,SCAMP2,ENSG00000140497,downstream_gene_variant,
e860fd6f-a15b-5468-94e0-db0a37ca6eb3,3b119f1a-9f12-4629-9ee8-0a54cb69d28f,MMRF_1796,chr15,74844216,74844216,G,A,chr15:g.74844216G>A,Single base substitution,SCAMP2,ENSG00000140497,3_prime_UTR_variant,
e860fd6f-a15b-5468-94e0-db0a37ca6eb3,3b119f1a-9f12-4629-9ee8-0a54cb69d28f,MMRF_1796,chr15,74844216,74844216,G,A,chr15:g.74844216G>A,Single base substitution,SCAMP2,ENSG00000140497,downstream_gene_variant,
e860fd6f-a15b-5468-94e0-db0a37ca6eb3,3b119f1a-9f12-4629-9ee8-0a54cb69d28f,MMRF_1796,chr15,74844216,74844216,G,A,chr15:g.74844216G>A,Single base substitution,SCAMP2,ENSG00000140497,downstream_gene_variant,
e860fd6f-a15b-5468-94e0-db0a37ca6eb3,3b119f1a-9f12-4629-9ee8-0a54cb69d28f,MMRF_1796,chr15,74844216,74844216,G,A,chr15:g.74844216G>A,Single base substitution,SCAMP2,ENSG00000140497,downstream_gene_variant,
f57d3ef7-d5af-52c8-8956-0d12be628f2c,3b119f1a-9f12-4629-9ee8-0a54cb69d28f,MMRF_1796,chr2,55615460,55615460,C,T,chr2:g.55615460C>T,Single base substitution,PPP4R3B,ENSG00000275052,non_coding_transcript_exon_variant,
f57d3ef7-d5af-52c8-8956-0d12be628f2c,3b119f1a-9f12-4629-9ee8-0a54cb69d28f,MMRF_1796,chr2,55615460,55615460,C,T,chr2:g.55615460C>T,Single base substitution,PPP4R3B,ENSG00000275052,synonymous_variant,Q63=
f57d3ef7-d5af-52c8-8956-0d12be628f2c,3b119f1a-9f12-4629-9ee8-0a54cb69d28f,MMRF_1796,chr2,55615460,55615460,C,T,chr2:g.55615460C>T,Single base substitution,PPP4R3B,ENSG00000275052,non_coding_transcript_exon_variant,
f57d3ef7-d5af-52c8-8956-0d12be628f2c,3b119f1a-9f12-4629-9ee8-0a54cb69d28f,MMRF_1796,chr2,55615460,55615460,C,T,chr2:g.55615460C>T,Single base substitution,PPP4R3B,ENSG00000275052,synonymous_variant,Q63=
f57d3ef7-d5af-52c8-8956-0d12be628f2c,3b119f1a-9f12-4629-9ee8-0a54cb69d28f,MMRF_1796,chr2,55615460,55615460,C,T,chr2:g.55615460C>T,Single base substitution,PPP4R3B,ENSG00000275052,synonymous_variant,Q63=
d8859d71-4174-59bc-9ba1-828ccf757bdc,3b119f1a-9f12-4629-9ee8-0a54cb69d28f,MMRF_1796,chr5,110950189,110950189,G,A,chr5:g.110950189G>A,Single base substitution,BCLAF1P1,ENSG00000248966,non_coding_transcript_exon_variant,
99e552cb-4ed6-57bc-82a4-38055dd31171,3b119f1a-9f12-4629-9ee8-0a54cb69d28f,MMRF_1796,chr2,238132136,238132136,C,T,chr2:g.238132136C>T,Single base substitution,ESPNL,ENSG00000144488,3_prime_UTR_variant,
99e552cb-4ed6-57bc-82a4-38055dd31171,3b119f1a-9f12-4629-9ee8-0a54cb69d28f,MMRF_1796,chr2,238132136,238132136,C,T,chr2:g.238132136C>T,Single base substitution,ESPNL,ENSG00000144488,non_coding_transcript_exon_variant,
99e552cb-4ed6-57bc-82a4-38055dd31171,3b119f1a-9f12-4629-9ee8-0a54cb69d28f,MMRF_1796,chr2,238132136,238132136,C,T,chr2:g.238132136C>T,Single base substitution,ESPNL,ENSG00000144488,downstream_gene_variant,
99e552cb-4ed6-57bc-82a4-38055dd31171,3b119f1a-9f12-4629-9ee8-0a54cb69d28f,MMRF_1796,chr2,238132136,238132136,C,T,chr2:g.238132136C>T,Single base substitution,ESPNL,ENSG00000144488,synonymous_variant,L56=
99e552cb-4ed6-57bc-82a4-38055dd31171,3b119f1a-9f12-4629-9ee8-0a54cb69d28f,MMRF_1796,chr2,238132136,238132136,C,T,chr2:g.238132136C>T,Single base substitution,ESPNL,ENSG00000144488,3_prime_UTR_variant,
99e552cb-4ed6-57bc-82a4-38055dd31171,3b119f1a-9f12-4629-9ee8-0a54cb69d28f,MMRF_1796,chr2,238132136,238132136,C,T,chr2:g.238132136C>T,Single base substitution,ESPNL,ENSG00000144488,3_prime_UTR_variant,
66595ae6-c62c-58c1-9f7d-b961dd3899a7,3b119f1a-9f12-4629-9ee8-0a54cb69d28f,MMRF_1796,chr2,147926028,147926028,C,T,chr2:g.147926028C>T,Single base substitution,ACVR2A,ENSG00000121989,non_coding_transcript_exon_variant,
66595ae6-c62c-58c1-9f7d-b961dd3899a7,3b119f1a-9f12-4629-9ee8-0a54cb69d28f,MMRF_1796,chr2,147926028,147926028,C,T,chr2:g.147926028C>T,Single base substitution,ACVR2A,ENSG00000121989,splice_region_variant,
66595ae6-c62c-58c1-9f7d-b961dd3899a7,3b119f1a-9f12-4629-9ee8-0a54cb69d28f,MMRF_1796,chr2,147926028,147926028,C,T,chr2:g.147926028C>T,Single base substitution,ACVR2A,ENSG00000121989,splice_region_variant,
66595ae6-c62c-58c1-9f7d-b961dd3899a7,3b119f1a-9f12-4629-9ee8-0a54cb69d28f,MMRF_1796,chr2,147926028,147926028,C,T,chr2:g.147926028C>T,Single base substitution,ACVR2A,ENSG00000121989,splice_region_variant,
ef853e4b-630f-5c74-a356-545993173727,3b119f1a-9f12-4629-9ee8-0a54cb69d28f,MMRF_1796,chr9,75078334,75078334,C,T,chr9:g.75078334C>T,Single base substitution,NMRK1,ENSG00000106733,synonymous_variant,V11=
ef853e4b-630f-5c74-a356-545993173727,3b119f1a-9f12-4629-9ee8-0a54cb69d28f,MMRF_1796,chr9,75078334,75078334,C,T,chr9:g.75078334C>T,Single base substitution,NMRK1,ENSG00000106733,intron_variant,
ef853e4b-630f-5c74-a356-545993173727,3b119f1a-9f12-4629-9ee8-0a54cb69d28f,MMRF_1796,chr9,75078334,75078334,C,T,chr9:g.75078334C>T,Single base substitution,NMRK1,ENSG00000106733,downstream_gene_variant,
ef853e4b-630f-5c74-a356-545993173727,3b119f1a-9f12-4629-9ee8-0a54cb69d28f,MMRF_1796,chr9,75078334,75078334,C,T,chr9:g.75078334C>T,Single base substitution,NMRK1,ENSG00000106733,intron_variant,
ef853e4b-630f-5c74-a356-545993173727,3b119f1a-9f12-4629-9ee8-0a54cb69d28f,MMRF_1796,chr9,75078334,75078334,C,T,chr9:g.75078334C>T,Single base substitution,NMRK1,ENSG00000106733,intron_variant,
098dc27f-db5d-5aff-b9ec-577662d7f64c,3b119f1a-9f12-4629-9ee8-0a54cb69d28f,MMRF_1796,chr12,101733649,101733649,G,A,chr12:g.101733649G>A,Single base substitution,SYCP3,ENSG00000139351,stop_gained,Q127*
098dc27f-db5d-5aff-b9ec-577662d7f64c,3b119f1a-9f12-4629-9ee8-0a54cb69d28f,MMRF_1796,chr12,101733649,101733649,G,A,chr12:g.101733649G>A,Single base substitution,SYCP3,ENSG00000139351,stop_gained,Q127*
098dc27f-db5d-5aff-b9ec-577662d7f64c,3b119f1a-9f12-4629-9ee8-0a54cb69d28f,MMRF_1796,chr12,101733649,101733649,G,A,chr12:g.101733649G>A,Single base substitution,SYCP3,ENSG00000139351,upstream_gene_variant,
098dc27f-db5d-5aff-b9ec-577662d7f64c,3b119f1a-9f12-4629-9ee8-0a54cb69d28f,MMRF_1796,chr12,101733649,101733649,G,A,chr12:g.101733649G>A,Single base substitution,SYCP3,ENSG00000139351,non_coding_transcript_exon_variant,
098dc27f-db5d-5aff-b9ec-577662d7f64c,3b119f1a-9f12-4629-9ee8-0a54cb69d28f,MMRF_1796,chr12,101733649,101733649,G,A,chr12:g.101733649G>A,Single base substitution,SYCP3,ENSG00000139351,stop_gained,Q127*
43786ee6-7bcf-5260-8022-4686e725dcdf,3b119f1a-9f12-4629-9ee8-0a54cb69d28f,MMRF_1796,chr12,4304417,4304417,C,T,chr12:g.4304417C>T,Single base substitution,CCND2,ENSG00000118971,3_prime_UTR_variant,
43786ee6-7bcf-5260-8022-4686e725dcdf,3b119f1a-9f12-4629-9ee8-0a54cb69d28f,MMRF_1796,chr12,4304417,4304417,C,T,chr12:g.4304417C>T,Single base substitution,CCND2,ENSG00000118971,3_prime_UTR_variant,
43786ee6-7bcf-5260-8022-4686e725dcdf,3b119f1a-9f12-4629-9ee8-0a54cb69d28f,MMRF_1796,chr12,4304417,4304417,C,T,chr12:g.4304417C>T,Single base substitution,CCND2,ENSG00000118971,3_prime_UTR_variant,
43786ee6-7bcf-5260-8022-4686e725dcdf,3b119f1a-9f12-4629-9ee8-0a54cb69d28f,MMRF_1796,chr12,4304417,4304417,C,T,chr12:g.4304417C>T,Single base substitution,CCND2,ENSG00000118971,3_prime_UTR_variant,
43786ee6-7bcf-5260-8022-4686e725dcdf,3b119f1a-9f12-4629-9ee8-0a54cb69d28f,MMRF_1796,chr12,4304417,4304417,C,T,chr12:g.4304417C>T,Single base substitution,CCND2,ENSG00000118971,non_coding_transcript_exon_variant,
5a54a4ac-b278-5928-8695-c609f0306a90,3b119f1a-9f12-4629-9ee8-0a54cb69d28f,MMRF_1796,chr6,89867695,89867695,C,G,chr6:g.89867695C>G,Single base substitution,CASP8AP2,ENSG00000118412,downstream_gene_variant,
5a54a4ac-b278-5928-8695-c609f0306a90,3b119f1a-9f12-4629-9ee8-0a54cb69d28f,MMRF_1796,chr6,89867695,89867695,C,G,chr6:g.89867695C>G,Single base substitution,CASP8AP2,ENSG00000118412,intron_variant,
5a54a4ac-b278-5928-8695-c609f0306a90,3b119f1a-9f12-4629-9ee8-0a54cb69d28f,MMRF_1796,chr6,89867695,89867695,C,G,chr6:g.89867695C>G,Single base substitution,CASP8AP2,ENSG00000118412,downstream_gene_variant,
5a54a4ac-b278-5928-8695-c609f0306a90,3b119f1a-9f12-4629-9ee8-0a54cb69d28f,MMRF_1796,chr6,89867695,89867695,C,G,chr6:g.89867695C>G,Single base substitution,CASP8AP2,ENSG00000118412,missense_variant,P1469A
5a54a4ac-b278-5928-8695-c609f0306a90,3b119f1a-9f12-4629-9ee8-0a54cb69d28f,MMRF_1796,chr6,89867695,89867695,C,G,chr6:g.89867695C>G,Single base substitution,CASP8AP2,ENSG00000118412,non_coding_transcript_exon_variant,
1ae44d31-d700-5ebd-90b1-5f75e71363d1,3b119f1a-9f12-4629-9ee8-0a54cb69d28f,MMRF_1796,chr19,5832237,5832237,C,T,chr19:g.5832237C>T,Single base substitution,FUT6,ENSG00000156413,downstream_gene_variant,
1ae44d31-d700-5ebd-90b1-5f75e71363d1,3b119f1a-9f12-4629-9ee8-0a54cb69d28f,MMRF_1796,chr19,5832237,5832237,C,T,chr19:g.5832237C>T,Single base substitution,FUT6,ENSG00000156413,downstream_gene_variant,
1ae44d31-d700-5ebd-90b1-5f75e71363d1,3b119f1a-9f12-4629-9ee8-0a54cb69d28f,MMRF_1796,chr19,5832237,5832237,C,T,chr19:g.5832237C>T,Single base substitution,FUT6,ENSG00000156413,missense_variant,E111K
1ae44d31-d700-5ebd-90b1-5f75e71363d1,3b119f1a-9f12-4629-9ee8-0a54cb69d28f,MMRF_1796,chr19,5832237,5832237,C,T,chr19:g.5832237C>T,Single base substitution,FUT6,ENSG00000156413,missense_variant,E111K
1ae44d31-d700-5ebd-90b1-5f75e71363d1,3b119f1a-9f12-4629-9ee8-0a54cb69d28f,MMRF_1796,chr19,5832237,5832237,C,T,chr19:g.5832237C>T,Single base substitution,FUT6,ENSG00000156413,downstream_gene_variant,
1ae44d31-d700-5ebd-90b1-5f75e71363d1,3b119f1a-9f12-4629-9ee8-0a54cb69d28f,MMRF_1796,chr19,5832237,5832237,C,T,chr19:g.5832237C>T,Single base substitution,FUT6,ENSG00000156413,missense_variant,E111K
1ae44d31-d700-5ebd-90b1-5f75e71363d1,3b119f1a-9f12-4629-9ee8-0a54cb69d28f,MMRF_1796,chr19,5832237,5832237,C,T,chr19:g.5832237C>T,Single base substitution,FUT6,ENSG00000156413,downstream_gene_variant,
1ae44d31-d700-5ebd-90b1-5f75e71363d1,3b119f1a-9f12-4629-9ee8-0a54cb69d28f,MMRF_1796,chr19,5832237,5832237,C,T,chr19:g.5832237C>T,Single base substitution,FUT6,ENSG00000156413,downstream_gene_variant,
1ae44d31-d700-5ebd-90b1-5f75e71363d1,3b119f1a-9f12-4629-9ee8-0a54cb69d28f,MMRF_1796,chr19,5832237,5832237,C,T,chr19:g.5832237C>T,Single base substitution,FUT6,ENSG00000156413,missense_variant,E111K
1ae44d31-d700-5ebd-90b1-5f75e71363d1,3b119f1a-9f12-4629-9ee8-0a54cb69d28f,MMRF_1796,chr19,5832237,5832237,C,T,chr19:g.5832237C>T,Single base substitution,FUT6,ENSG00000156413,missense_variant,E111K
ccfa480b-49fe-55e3-a054-2b7b6b94f7c5,3b119f1a-9f12-4629-9ee8-0a54cb69d28f,MMRF_1796,chr21,44293000,44293000,C,T,chr21:g.44293000C>T,Single base substitution,AIRE,ENSG00000160224,non_coding_transcript_exon_variant,
ccfa480b-49fe-55e3-a054-2b7b6b94f7c5,3b119f1a-9f12-4629-9ee8-0a54cb69d28f,MMRF_1796,chr21,44293000,44293000,C,T,chr21:g.44293000C>T,Single base substitution,AIRE,ENSG00000160224,non_coding_transcript_exon_variant,
ccfa480b-49fe-55e3-a054-2b7b6b94f7c5,3b119f1a-9f12-4629-9ee8-0a54cb69d28f,MMRF_1796,chr21,44293000,44293000,C,T,chr21:g.44293000C>T,Single base substitution,AIRE,ENSG00000160224,non_coding_transcript_exon_variant,
ccfa480b-49fe-55e3-a054-2b7b6b94f7c5,3b119f1a-9f12-4629-9ee8-0a54cb69d28f,MMRF_1796,chr21,44293000,44293000,C,T,chr21:g.44293000C>T,Single base substitution,AIRE,ENSG00000160224,missense_variant,P368L
ccfa480b-49fe-55e3-a054-2b7b6b94f7c5,3b119f1a-9f12-4629-9ee8-0a54cb69d28f,MMRF_1796,chr21,44293000,44293000,C,T,chr21:g.44293000C>T,Single base substitution,AIRE,ENSG00000160224,non_coding_transcript_exon_variant,
5444878f-9318-5ff2-bc58-75af06bbe733,3b119f1a-9f12-4629-9ee8-0a54cb69d28f,MMRF_1796,chr10,16915932,16915932,G,A,chr10:g.16915932G>A,Single base substitution,CUBN,ENSG00000107611,missense_variant,L2367F
7f358fee-bffd-5df3-8341-1101a256589d,3b119f1a-9f12-4629-9ee8-0a54cb69d28f,MMRF_1796,chr6,147566574,147566574,C,G,chr6:g.147566574C>G,Single base substitution,SAMD5,ENSG00000203727,3_prime_UTR_variant,
7f358fee-bffd-5df3-8341-1101a256589d,3b119f1a-9f12-4629-9ee8-0a54cb69d28f,MMRF_1796,chr6,147566574,147566574,C,G,chr6:g.147566574C>G,Single base substitution,SAMD5,ENSG00000203727,intron_variant,
7cc4aee2-8c04-5342-823b-01a7c04614e9,3b119f1a-9f12-4629-9ee8-0a54cb69d28f,MMRF_1796,chr16,21385862,21385862,G,A,chr16:g.21385862G>A,Single base substitution,SNX29P1,ENSG00000158482,non_coding_transcript_exon_variant,
93bc6b8a-f308-556e-9123-dab7d52de09f,3b119f1a-9f12-4629-9ee8-0a54cb69d28f,MMRF_1796,chr9,131079181,131079181,G,A,chr9:g.131079181G>A,Single base substitution,LAMC3,ENSG00000050555,upstream_gene_variant,
93bc6b8a-f308-556e-9123-dab7d52de09f,3b119f1a-9f12-4629-9ee8-0a54cb69d28f,MMRF_1796,chr9,131079181,131079181,G,A,chr9:g.131079181G>A,Single base substitution,LAMC3,ENSG00000050555,non_coding_transcript_exon_variant,
93bc6b8a-f308-556e-9123-dab7d52de09f,3b119f1a-9f12-4629-9ee8-0a54cb69d28f,MMRF_1796,chr9,131079181,131079181,G,A,chr9:g.131079181G>A,Single base substitution,LAMC3,ENSG00000050555,synonymous_variant,L1270=
93bc6b8a-f308-556e-9123-dab7d52de09f,3b119f1a-9f12-4629-9ee8-0a54cb69d28f,MMRF_1796,chr9,131079181,131079181,G,A,chr9:g.131079181G>A,Single base substitution,LAMC3,ENSG00000050555,synonymous_variant,L11=
93bc6b8a-f308-556e-9123-dab7d52de09f,3b119f1a-9f12-4629-9ee8-0a54cb69d28f,MMRF_1796,chr9,131079181,131079181,G,A,chr9:g.131079181G>A,Single base substitution,LAMC3,ENSG00000050555,upstream_gene_variant,
849334ad-f7ba-5e76-8991-41bd2849432f,3b119f1a-9f12-4629-9ee8-0a54cb69d28f,MMRF_1796,chr12,92425872,92425872,G,C,chr12:g.92425872G>C,Single base substitution,CLLU1,ENSG00000257127,downstream_gene_variant,
849334ad-f7ba-5e76-8991-41bd2849432f,3b119f1a-9f12-4629-9ee8-0a54cb69d28f,MMRF_1796,chr12,92425872,92425872,G,C,chr12:g.92425872G>C,Single base substitution,CLLU1,ENSG00000257127,non_coding_transcript_exon_variant,
849334ad-f7ba-5e76-8991-41bd2849432f,3b119f1a-9f12-4629-9ee8-0a54cb69d28f,MMRF_1796,chr12,92425872,92425872,G,C,chr12:g.92425872G>C,Single base substitution,CLLU1,ENSG00000257127,intron_variant,
849334ad-f7ba-5e76-8991-41bd2849432f,3b119f1a-9f12-4629-9ee8-0a54cb69d28f,MMRF_1796,chr12,92425872,92425872,G,C,chr12:g.92425872G>C,Single base substitution,CLLU1,ENSG00000257127,non_coding_transcript_exon_variant,
849334ad-f7ba-5e76-8991-41bd2849432f,3b119f1a-9f12-4629-9ee8-0a54cb69d28f,MMRF_1796,chr12,92425872,92425872,G,C,chr12:g.92425872G>C,Single base substitution,CLLU1,ENSG00000257127,non_coding_transcript_exon_variant,
369b9363-4e45-5223-9145-b563ce56f6bd,3b119f1a-9f12-4629-9ee8-0a54cb69d28f,MMRF_1796,chr1,78013301,78013301,C,T,chr1:g.78013301C>T,Single base substitution,DNAJB4,ENSG00000162616,intron_variant,
369b9363-4e45-5223-9145-b563ce56f6bd,3b119f1a-9f12-4629-9ee8-0a54cb69d28f,MMRF_1796,chr1,78013301,78013301,C,T,chr1:g.78013301C>T,Single base substitution,DNAJB4,ENSG00000162616,synonymous_variant,L154=
369b9363-4e45-5223-9145-b563ce56f6bd,3b119f1a-9f12-4629-9ee8-0a54cb69d28f,MMRF_1796,chr1,78013301,78013301,C,T,chr1:g.78013301C>T,Single base substitution,DNAJB4,ENSG00000162616,non_coding_transcript_exon_variant,
369b9363-4e45-5223-9145-b563ce56f6bd,3b119f1a-9f12-4629-9ee8-0a54cb69d28f,MMRF_1796,chr1,78013301,78013301,C,T,chr1:g.78013301C>T,Single base substitution,DNAJB4,ENSG00000162616,synonymous_variant,L154=
369b9363-4e45-5223-9145-b563ce56f6bd,3b119f1a-9f12-4629-9ee8-0a54cb69d28f,MMRF_1796,chr1,78013301,78013301,C,T,chr1:g.78013301C>T,Single base substitution,DNAJB4,ENSG00000162616,non_coding_transcript_exon_variant,
369b9363-4e45-5223-9145-b563ce56f6bd,3b119f1a-9f12-4629-9ee8-0a54cb69d28f,MMRF_1796,chr1,78013301,78013301,C,T,chr1:g.78013301C>T,Single base substitution,DNAJB4,ENSG00000162616,non_coding_transcript_exon_variant,
6f5e6f50-52f8-5bbd-952b-69f49fd7e61b,3b119f1a-9f12-4629-9ee8-0a54cb69d28f,MMRF_1796,chr16,2089577,2089577,G,A,chr16:g.2089577G>A,Single base substitution,PKD1,ENSG00000008710,downstream_gene_variant,
6f5e6f50-52f8-5bbd-952b-69f49fd7e61b,3b119f1a-9f12-4629-9ee8-0a54cb69d28f,MMRF_1796,chr16,2089577,2089577,G,A,chr16:g.2089577G>A,Single base substitution,PKD1,ENSG00000008710,downstream_gene_variant,
6f5e6f50-52f8-5bbd-952b-69f49fd7e61b,3b119f1a-9f12-4629-9ee8-0a54cb69d28f,MMRF_1796,chr16,2089577,2089577,G,A,chr16:g.2089577G>A,Single base substitution,PKD1,ENSG00000008710,downstream_gene_variant,
6f5e6f50-52f8-5bbd-952b-69f49fd7e61b,3b119f1a-9f12-4629-9ee8-0a54cb69d28f,MMRF_1796,chr16,2089577,2089577,G,A,chr16:g.2089577G>A,Single base substitution,PKD1,ENSG00000008710,3_prime_UTR_variant,
6f5e6f50-52f8-5bbd-952b-69f49fd7e61b,3b119f1a-9f12-4629-9ee8-0a54cb69d28f,MMRF_1796,chr16,2089577,2089577,G,A,chr16:g.2089577G>A,Single base substitution,PKD1,ENSG00000008710,downstream_gene_variant,
6f5e6f50-52f8-5bbd-952b-69f49fd7e61b,3b119f1a-9f12-4629-9ee8-0a54cb69d28f,MMRF_1796,chr16,2089577,2089577,G,A,chr16:g.2089577G>A,Single base substitution,PKD1,ENSG00000008710,downstream_gene_variant,
6f5e6f50-52f8-5bbd-952b-69f49fd7e61b,3b119f1a-9f12-4629-9ee8-0a54cb69d28f,MMRF_1796,chr16,2089577,2089577,G,A,chr16:g.2089577G>A,Single base substitution,PKD1,ENSG00000008710,non_coding_transcript_exon_variant,
6f5e6f50-52f8-5bbd-952b-69f49fd7e61b,3b119f1a-9f12-4629-9ee8-0a54cb69d28f,MMRF_1796,chr16,2089577,2089577,G,A,chr16:g.2089577G>A,Single base substitution,PKD1,ENSG00000008710,3_prime_UTR_variant,
6f5e6f50-52f8-5bbd-952b-69f49fd7e61b,3b119f1a-9f12-4629-9ee8-0a54cb69d28f,MMRF_1796,chr16,2089577,2089577,G,A,chr16:g.2089577G>A,Single base substitution,PKD1,ENSG00000008710,downstream_gene_variant,
6f5e6f50-52f8-5bbd-952b-69f49fd7e61b,3b119f1a-9f12-4629-9ee8-0a54cb69d28f,MMRF_1796,chr16,2089577,2089577,G,A,chr16:g.2089577G>A,Single base substitution,PKD1,ENSG00000008710,downstream_gene_variant,
6f5e6f50-52f8-5bbd-952b-69f49fd7e61b,3b119f1a-9f12-4629-9ee8-0a54cb69d28f,MMRF_1796,chr16,2089577,2089577,G,A,chr16:g.2089577G>A,Single base substitution,PKD1,ENSG00000008710,downstream_gene_variant,
56864335-0350-5f06-b47b-9e2b157979fd,3b119f1a-9f12-4629-9ee8-0a54cb69d28f,MMRF_1796,chr4,77715613,77715613,G,A,chr4:g.77715613G>A,Single base substitution,CNOT6L,ENSG00000138767,3_prime_UTR_variant,
56864335-0350-5f06-b47b-9e2b157979fd,3b119f1a-9f12-4629-9ee8-0a54cb69d28f,MMRF_1796,chr4,77715613,77715613,G,A,chr4:g.77715613G>A,Single base substitution,CNOT6L,ENSG00000138767,downstream_gene_variant,
56864335-0350-5f06-b47b-9e2b157979fd,3b119f1a-9f12-4629-9ee8-0a54cb69d28f,MMRF_1796,chr4,77715613,77715613,G,A,chr4:g.77715613G>A,Single base substitution,CNOT6L,ENSG00000138767,downstream_gene_variant,
56864335-0350-5f06-b47b-9e2b157979fd,3b119f1a-9f12-4629-9ee8-0a54cb69d28f,MMRF_1796,chr4,77715613,77715613,G,A,chr4:g.77715613G>A,Single base substitution,CNOT6L,ENSG00000138767,downstream_gene_variant,
56864335-0350-5f06-b47b-9e2b157979fd,3b119f1a-9f12-4629-9ee8-0a54cb69d28f,MMRF_1796,chr4,77715613,77715613,G,A,chr4:g.77715613G>A,Single base substitution,CNOT6L,ENSG00000138767,3_prime_UTR_variant,
8cc680d3-9011-561d-80e7-bd5ea645b81c,3b119f1a-9f12-4629-9ee8-0a54cb69d28f,MMRF_1796,chrX,49207075,49207075,C,T,chrX:g.49207075C>T,Single base substitution,CACNA1F,ENSG00000102001,missense_variant,E1732K
8cc680d3-9011-561d-80e7-bd5ea645b81c,3b119f1a-9f12-4629-9ee8-0a54cb69d28f,MMRF_1796,chrX,49207075,49207075,C,T,chrX:g.49207075C>T,Single base substitution,CACNA1F,ENSG00000102001,missense_variant,E1667K
8cc680d3-9011-561d-80e7-bd5ea645b81c,3b119f1a-9f12-4629-9ee8-0a54cb69d28f,MMRF_1796,chrX,49207075,49207075,C,T,chrX:g.49207075C>T,Single base substitution,CACNA1F,ENSG00000102001,downstream_gene_variant,
8cc680d3-9011-561d-80e7-bd5ea645b81c,3b119f1a-9f12-4629-9ee8-0a54cb69d28f,MMRF_1796,chrX,49207075,49207075,C,T,chrX:g.49207075C>T,Single base substitution,CACNA1F,ENSG00000102001,downstream_gene_variant,
8cc680d3-9011-561d-80e7-bd5ea645b81c,3b119f1a-9f12-4629-9ee8-0a54cb69d28f,MMRF_1796,chrX,49207075,49207075,C,T,chrX:g.49207075C>T,Single base substitution,CACNA1F,ENSG00000102001,missense_variant,E1721K
6504d08e-8c65-5ce5-88a0-61205158e44f,3b119f1a-9f12-4629-9ee8-0a54cb69d28f,MMRF_1796,chr15,43277007,43277007,G,A,chr15:g.43277007G>A,Single base substitution,TGM7,ENSG00000159495,intron_variant,
6504d08e-8c65-5ce5-88a0-61205158e44f,3b119f1a-9f12-4629-9ee8-0a54cb69d28f,MMRF_1796,chr15,43277007,43277007,G,A,chr15:g.43277007G>A,Single base substitution,TGM7,ENSG00000159495,non_coding_transcript_exon_variant,
4b4db61d-a710-5192-8ca0-ae99b9c79460,3b119f1a-9f12-4629-9ee8-0a54cb69d28f,MMRF_1796,chr17,29043246,29043246,C,T,chr17:g.29043246C>T,Single base substitution,PIPOX,ENSG00000179761,synonymous_variant,L7=
4b4db61d-a710-5192-8ca0-ae99b9c79460,3b119f1a-9f12-4629-9ee8-0a54cb69d28f,MMRF_1796,chr17,29043246,29043246,C,T,chr17:g.29043246C>T,Single base substitution,PIPOX,ENSG00000179761,intron_variant,
4b4db61d-a710-5192-8ca0-ae99b9c79460,3b119f1a-9f12-4629-9ee8-0a54cb69d28f,MMRF_1796,chr17,29043246,29043246,C,T,chr17:g.29043246C>T,Single base substitution,PIPOX,ENSG00000179761,intron_variant,
4b4db61d-a710-5192-8ca0-ae99b9c79460,3b119f1a-9f12-4629-9ee8-0a54cb69d28f,MMRF_1796,chr17,29043246,29043246,C,T,chr17:g.29043246C>T,Single base substitution,PIPOX,ENSG00000179761,intron_variant,
4b4db61d-a710-5192-8ca0-ae99b9c79460,3b119f1a-9f12-4629-9ee8-0a54cb69d28f,MMRF_1796,chr17,29043246,29043246,C,T,chr17:g.29043246C>T,Single base substitution,PIPOX,ENSG00000179761,intron_variant,
4b4db61d-a710-5192-8ca0-ae99b9c79460,3b119f1a-9f12-4629-9ee8-0a54cb69d28f,MMRF_1796,chr17,29043246,29043246,C,T,chr17:g.29043246C>T,Single base substitution,PIPOX,ENSG00000179761,upstream_gene_variant,
4b4db61d-a710-5192-8ca0-ae99b9c79460,3b119f1a-9f12-4629-9ee8-0a54cb69d28f,MMRF_1796,chr17,29043246,29043246,C,T,chr17:g.29043246C>T,Single base substitution,PIPOX,ENSG00000179761,upstream_gene_variant,
4b4db61d-a710-5192-8ca0-ae99b9c79460,3b119f1a-9f12-4629-9ee8-0a54cb69d28f,MMRF_1796,chr17,29043246,29043246,C,T,chr17:g.29043246C>T,Single base substitution,PIPOX,ENSG00000179761,upstream_gene_variant,
4b4db61d-a710-5192-8ca0-ae99b9c79460,3b119f1a-9f12-4629-9ee8-0a54cb69d28f,MMRF_1796,chr17,29043246,29043246,C,T,chr17:g.29043246C>T,Single base substitution,PIPOX,ENSG00000179761,intron_variant,
e9724adb-7142-5c3b-a0bc-960d22eaad92,3b119f1a-9f12-4629-9ee8-0a54cb69d28f,MMRF_1796,chr1,182472428,182472428,G,A,chr1:g.182472428G>A,Single base substitution,RGSL1,ENSG00000121446,downstream_gene_variant,
e9724adb-7142-5c3b-a0bc-960d22eaad92,3b119f1a-9f12-4629-9ee8-0a54cb69d28f,MMRF_1796,chr1,182472428,182472428,G,A,chr1:g.182472428G>A,Single base substitution,RGSL1,ENSG00000121446,intron_variant,
e9724adb-7142-5c3b-a0bc-960d22eaad92,3b119f1a-9f12-4629-9ee8-0a54cb69d28f,MMRF_1796,chr1,182472428,182472428,G,A,chr1:g.182472428G>A,Single base substitution,RGSL1,ENSG00000121446,5_prime_UTR_variant,
e9724adb-7142-5c3b-a0bc-960d22eaad92,3b119f1a-9f12-4629-9ee8-0a54cb69d28f,MMRF_1796,chr1,182472428,182472428,G,A,chr1:g.182472428G>A,Single base substitution,RGSL1,ENSG00000121446,downstream_gene_variant,
e9724adb-7142-5c3b-a0bc-960d22eaad92,3b119f1a-9f12-4629-9ee8-0a54cb69d28f,MMRF_1796,chr1,182472428,182472428,G,A,chr1:g.182472428G>A,Single base substitution,RGSL1,ENSG00000121446,downstream_gene_variant,
e9724adb-7142-5c3b-a0bc-960d22eaad92,3b119f1a-9f12-4629-9ee8-0a54cb69d28f,MMRF_1796,chr1,182472428,182472428,G,A,chr1:g.182472428G>A,Single base substitution,RGSL1,ENSG00000121446,missense_variant,E45K
e9724adb-7142-5c3b-a0bc-960d22eaad92,3b119f1a-9f12-4629-9ee8-0a54cb69d28f,MMRF_1796,chr1,182472428,182472428,G,A,chr1:g.182472428G>A,Single base substitution,RGSL1,ENSG00000121446,intron_variant,
e9724adb-7142-5c3b-a0bc-960d22eaad92,3b119f1a-9f12-4629-9ee8-0a54cb69d28f,MMRF_1796,chr1,182472428,182472428,G,A,chr1:g.182472428G>A,Single base substitution,RGSL1,ENSG00000121446,non_coding_transcript_exon_variant,
e9724adb-7142-5c3b-a0bc-960d22eaad92,3b119f1a-9f12-4629-9ee8-0a54cb69d28f,MMRF_1796,chr1,182472428,182472428,G,A,chr1:g.182472428G>A,Single base substitution,RGSL1,ENSG00000121446,upstream_gene_variant,
e9724adb-7142-5c3b-a0bc-960d22eaad92,3b119f1a-9f12-4629-9ee8-0a54cb69d28f,MMRF_1796,chr1,182472428,182472428,G,A,chr1:g.182472428G>A,Single base substitution,RGSL1,ENSG00000121446,missense_variant,E112K
e9724adb-7142-5c3b-a0bc-960d22eaad92,3b119f1a-9f12-4629-9ee8-0a54cb69d28f,MMRF_1796,chr1,182472428,182472428,G,A,chr1:g.182472428G>A,Single base substitution,RGSL1,ENSG00000121446,downstream_gene_variant,
e9724adb-7142-5c3b-a0bc-960d22eaad92,3b119f1a-9f12-4629-9ee8-0a54cb69d28f,MMRF_1796,chr1,182472428,182472428,G,A,chr1:g.182472428G>A,Single base substitution,RGSL1,ENSG00000121446,missense_variant,E147K
e9724adb-7142-5c3b-a0bc-960d22eaad92,3b119f1a-9f12-4629-9ee8-0a54cb69d28f,MMRF_1796,chr1,182472428,182472428,G,A,chr1:g.182472428G>A,Single base substitution,RGSL1,ENSG00000121446,non_coding_transcript_exon_variant,
e9724adb-7142-5c3b-a0bc-960d22eaad92,3b119f1a-9f12-4629-9ee8-0a54cb69d28f,MMRF_1796,chr1,182472428,182472428,G,A,chr1:g.182472428G>A,Single base substitution,RGSL1,ENSG00000121446,downstream_gene_variant,
e9724adb-7142-5c3b-a0bc-960d22eaad92,3b119f1a-9f12-4629-9ee8-0a54cb69d28f,MMRF_1796,chr1,182472428,182472428,G,A,chr1:g.182472428G>A,Single base substitution,RGSL1,ENSG00000121446,missense_variant,E112K
fc484b07-ef4b-5568-9c0a-8517dbc3d655,3b119f1a-9f12-4629-9ee8-0a54cb69d28f,MMRF_1796,chr1,15617461,15617461,C,T,chr1:g.15617461C>T,Single base substitution,DDI2,ENSG00000197312,upstream_gene_variant,
fc484b07-ef4b-5568-9c0a-8517dbc3d655,3b119f1a-9f12-4629-9ee8-0a54cb69d28f,MMRF_1796,chr1,15617461,15617461,C,T,chr1:g.15617461C>T,Single base substitution,DDI2,ENSG00000197312,upstream_gene_variant,
fc484b07-ef4b-5568-9c0a-8517dbc3d655,3b119f1a-9f12-4629-9ee8-0a54cb69d28f,MMRF_1796,chr1,15617461,15617461,C,T,chr1:g.15617461C>T,Single base substitution,DDI2,ENSG00000197312,5_prime_UTR_variant,
d8f5d4f2-6c7e-511e-a6bd-b3a99b53876e,3b119f1a-9f12-4629-9ee8-0a54cb69d28f,MMRF_1796,chr8,100509914,100509914,C,A,chr8:g.100509914C>A,Single base substitution,ANKRD46,ENSG00000186106,3_prime_UTR_variant,
4f592d88-fa74-5ab0-b3ec-af65dc3f03dd,3b119f1a-9f12-4629-9ee8-0a54cb69d28f,MMRF_1796,chr3,198040479,198040479,C,T,chr3:g.198040479C>T,Single base substitution,LMLN,ENSG00000185621,downstream_gene_variant,
4f592d88-fa74-5ab0-b3ec-af65dc3f03dd,3b119f1a-9f12-4629-9ee8-0a54cb69d28f,MMRF_1796,chr3,198040479,198040479,C,T,chr3:g.198040479C>T,Single base substitution,LMLN,ENSG00000185621,3_prime_UTR_variant,
4f592d88-fa74-5ab0-b3ec-af65dc3f03dd,3b119f1a-9f12-4629-9ee8-0a54cb69d28f,MMRF_1796,chr3,198040479,198040479,C,T,chr3:g.198040479C>T,Single base substitution,LMLN,ENSG00000185621,downstream_gene_variant,
4f592d88-fa74-5ab0-b3ec-af65dc3f03dd,3b119f1a-9f12-4629-9ee8-0a54cb69d28f,MMRF_1796,chr3,198040479,198040479,C,T,chr3:g.198040479C>T,Single base substitution,LMLN,ENSG00000185621,downstream_gene_variant,
4f592d88-fa74-5ab0-b3ec-af65dc3f03dd,3b119f1a-9f12-4629-9ee8-0a54cb69d28f,MMRF_1796,chr3,198040479,198040479,C,T,chr3:g.198040479C>T,Single base substitution,LMLN,ENSG00000185621,non_coding_transcript_exon_variant,
98e687b6-6dae-5c91-b78d-e340aeca65f7,3b119f1a-9f12-4629-9ee8-0a54cb69d28f,MMRF_1796,chr2,241726655,241726655,C,T,chr2:g.241726655C>T,Single base substitution,ING5,ENSG00000168395,downstream_gene_variant,
98e687b6-6dae-5c91-b78d-e340aeca65f7,3b119f1a-9f12-4629-9ee8-0a54cb69d28f,MMRF_1796,chr2,241726655,241726655,C,T,chr2:g.241726655C>T,Single base substitution,ING5,ENSG00000168395,upstream_gene_variant,
98e687b6-6dae-5c91-b78d-e340aeca65f7,3b119f1a-9f12-4629-9ee8-0a54cb69d28f,MMRF_1796,chr2,241726655,241726655,C,T,chr2:g.241726655C>T,Single base substitution,ING5,ENSG00000168395,downstream_gene_variant,
98e687b6-6dae-5c91-b78d-e340aeca65f7,3b119f1a-9f12-4629-9ee8-0a54cb69d28f,MMRF_1796,chr2,241726655,241726655,C,T,chr2:g.241726655C>T,Single base substitution,ING5,ENSG00000168395,non_coding_transcript_exon_variant,
98e687b6-6dae-5c91-b78d-e340aeca65f7,3b119f1a-9f12-4629-9ee8-0a54cb69d28f,MMRF_1796,chr2,241726655,241726655,C,T,chr2:g.241726655C>T,Single base substitution,ING5,ENSG00000168395,downstream_gene_variant,
98e687b6-6dae-5c91-b78d-e340aeca65f7,3b119f1a-9f12-4629-9ee8-0a54cb69d28f,MMRF_1796,chr2,241726655,241726655,C,T,chr2:g.241726655C>T,Single base substitution,ING5,ENSG00000168395,downstream_gene_variant,
98e687b6-6dae-5c91-b78d-e340aeca65f7,3b119f1a-9f12-4629-9ee8-0a54cb69d28f,MMRF_1796,chr2,241726655,241726655,C,T,chr2:g.241726655C>T,Single base substitution,ING5,ENSG00000168395,downstream_gene_variant,
98e687b6-6dae-5c91-b78d-e340aeca65f7,3b119f1a-9f12-4629-9ee8-0a54cb69d28f,MMRF_1796,chr2,241726655,241726655,C,T,chr2:g.241726655C>T,Single base substitution,ING5,ENSG00000168395,3_prime_UTR_variant,
99721346-d7f6-55cf-abe5-39fadf2efdc7,3b119f1a-9f12-4629-9ee8-0a54cb69d28f,MMRF_1796,chr14,103994366,103994366,C,T,chr14:g.103994366C>T,Single base substitution,TDRD9,ENSG00000156414,synonymous_variant,L405=
99721346-d7f6-55cf-abe5-39fadf2efdc7,3b119f1a-9f12-4629-9ee8-0a54cb69d28f,MMRF_1796,chr14,103994366,103994366,C,T,chr14:g.103994366C>T,Single base substitution,TDRD9,ENSG00000156414,synonymous_variant,L132=
99721346-d7f6-55cf-abe5-39fadf2efdc7,3b119f1a-9f12-4629-9ee8-0a54cb69d28f,MMRF_1796,chr14,103994366,103994366,C,T,chr14:g.103994366C>T,Single base substitution,TDRD9,ENSG00000156414,synonymous_variant,L120=
714be091-d66c-5275-b031-2e849c138e64,3b119f1a-9f12-4629-9ee8-0a54cb69d28f,MMRF_1796,chr12,29502644,29502644,C,T,chr12:g.29502644C>T,Single base substitution,TMTC1,ENSG00000133687,3_prime_UTR_variant,
714be091-d66c-5275-b031-2e849c138e64,3b119f1a-9f12-4629-9ee8-0a54cb69d28f,MMRF_1796,chr12,29502644,29502644,C,T,chr12:g.29502644C>T,Single base substitution,TMTC1,ENSG00000133687,downstream_gene_variant,
714be091-d66c-5275-b031-2e849c138e64,3b119f1a-9f12-4629-9ee8-0a54cb69d28f,MMRF_1796,chr12,29502644,29502644,C,T,chr12:g.29502644C>T,Single base substitution,TMTC1,ENSG00000133687,downstream_gene_variant,
714be091-d66c-5275-b031-2e849c138e64,3b119f1a-9f12-4629-9ee8-0a54cb69d28f,MMRF_1796,chr12,29502644,29502644,C,T,chr12:g.29502644C>T,Single base substitution,TMTC1,ENSG00000133687,downstream_gene_variant,
714be091-d66c-5275-b031-2e849c138e64,3b119f1a-9f12-4629-9ee8-0a54cb69d28f,MMRF_1796,chr12,29502644,29502644,C,T,chr12:g.29502644C>T,Single base substitution,TMTC1,ENSG00000133687,downstream_gene_variant,
714be091-d66c-5275-b031-2e849c138e64,3b119f1a-9f12-4629-9ee8-0a54cb69d28f,MMRF_1796,chr12,29502644,29502644,C,T,chr12:g.29502644C>T,Single base substitution,TMTC1,ENSG00000133687,3_prime_UTR_variant,
4a3c3d8b-4c3f-5acc-ba2e-29005c2b93a1,3b119f1a-9f12-4629-9ee8-0a54cb69d28f,MMRF_1796,chr9,105638314,105638314,G,C,chr9:g.105638314G>C,Single base substitution,FKTN,ENSG00000106692,intron_variant,
4a3c3d8b-4c3f-5acc-ba2e-29005c2b93a1,3b119f1a-9f12-4629-9ee8-0a54cb69d28f,MMRF_1796,chr9,105638314,105638314,G,C,chr9:g.105638314G>C,Single base substitution,FKTN,ENSG00000106692,downstream_gene_variant,
4a3c3d8b-4c3f-5acc-ba2e-29005c2b93a1,3b119f1a-9f12-4629-9ee8-0a54cb69d28f,MMRF_1796,chr9,105638314,105638314,G,C,chr9:g.105638314G>C,Single base substitution,FKTN,ENSG00000106692,3_prime_UTR_variant,
4a3c3d8b-4c3f-5acc-ba2e-29005c2b93a1,3b119f1a-9f12-4629-9ee8-0a54cb69d28f,MMRF_1796,chr9,105638314,105638314,G,C,chr9:g.105638314G>C,Single base substitution,FKTN,ENSG00000106692,3_prime_UTR_variant,
4a3c3d8b-4c3f-5acc-ba2e-29005c2b93a1,3b119f1a-9f12-4629-9ee8-0a54cb69d28f,MMRF_1796,chr9,105638314,105638314,G,C,chr9:g.105638314G>C,Single base substitution,FKTN,ENSG00000106692,downstream_gene_variant,
4a3c3d8b-4c3f-5acc-ba2e-29005c2b93a1,3b119f1a-9f12-4629-9ee8-0a54cb69d28f,MMRF_1796,chr9,105638314,105638314,G,C,chr9:g.105638314G>C,Single base substitution,FKTN,ENSG00000106692,non_coding_transcript_exon_variant,
4a3c3d8b-4c3f-5acc-ba2e-29005c2b93a1,3b119f1a-9f12-4629-9ee8-0a54cb69d28f,MMRF_1796,chr9,105638314,105638314,G,C,chr9:g.105638314G>C,Single base substitution,FKTN,ENSG00000106692,intron_variant,
4a3c3d8b-4c3f-5acc-ba2e-29005c2b93a1,3b119f1a-9f12-4629-9ee8-0a54cb69d28f,MMRF_1796,chr9,105638314,105638314,G,C,chr9:g.105638314G>C,Single base substitution,FKTN,ENSG00000106692,3_prime_UTR_variant,
4a3c3d8b-4c3f-5acc-ba2e-29005c2b93a1,3b119f1a-9f12-4629-9ee8-0a54cb69d28f,MMRF_1796,chr9,105638314,105638314,G,C,chr9:g.105638314G>C,Single base substitution,FKTN,ENSG00000106692,downstream_gene_variant,
4a3c3d8b-4c3f-5acc-ba2e-29005c2b93a1,3b119f1a-9f12-4629-9ee8-0a54cb69d28f,MMRF_1796,chr9,105638314,105638314,G,C,chr9:g.105638314G>C,Single base substitution,FKTN,ENSG00000106692,intron_variant,
4a3c3d8b-4c3f-5acc-ba2e-29005c2b93a1,3b119f1a-9f12-4629-9ee8-0a54cb69d28f,MMRF_1796,chr9,105638314,105638314,G,C,chr9:g.105638314G>C,Single base substitution,FKTN,ENSG00000106692,3_prime_UTR_variant,
4a3c3d8b-4c3f-5acc-ba2e-29005c2b93a1,3b119f1a-9f12-4629-9ee8-0a54cb69d28f,MMRF_1796,chr9,105638314,105638314,G,C,chr9:g.105638314G>C,Single base substitution,FKTN,ENSG00000106692,downstream_gene_variant,
4a3c3d8b-4c3f-5acc-ba2e-29005c2b93a1,3b119f1a-9f12-4629-9ee8-0a54cb69d28f,MMRF_1796,chr9,105638314,105638314,G,C,chr9:g.105638314G>C,Single base substitution,FKTN,ENSG00000106692,intron_variant,
4a3c3d8b-4c3f-5acc-ba2e-29005c2b93a1,3b119f1a-9f12-4629-9ee8-0a54cb69d28f,MMRF_1796,chr9,105638314,105638314,G,C,chr9:g.105638314G>C,Single base substitution,FKTN,ENSG00000106692,intron_variant,
4a3c3d8b-4c3f-5acc-ba2e-29005c2b93a1,3b119f1a-9f12-4629-9ee8-0a54cb69d28f,MMRF_1796,chr9,105638314,105638314,G,C,chr9:g.105638314G>C,Single base substitution,FKTN,ENSG00000106692,downstream_gene_variant,
4a3c3d8b-4c3f-5acc-ba2e-29005c2b93a1,3b119f1a-9f12-4629-9ee8-0a54cb69d28f,MMRF_1796,chr9,105638314,105638314,G,C,chr9:g.105638314G>C,Single base substitution,FKTN,ENSG00000106692,3_prime_UTR_variant,
4a3c3d8b-4c3f-5acc-ba2e-29005c2b93a1,3b119f1a-9f12-4629-9ee8-0a54cb69d28f,MMRF_1796,chr9,105638314,105638314,G,C,chr9:g.105638314G>C,Single base substitution,FKTN,ENSG00000106692,downstream_gene_variant,
3818848a-1027-53f3-b82a-3eec5f4895f8,3b119f1a-9f12-4629-9ee8-0a54cb69d28f,MMRF_1796,chrX,119619014,119619014,G,A,chrX:g.119619014G>A,Single base substitution,SEPTIN6,ENSG00000125354,intron_variant,
3818848a-1027-53f3-b82a-3eec5f4895f8,3b119f1a-9f12-4629-9ee8-0a54cb69d28f,MMRF_1796,chrX,119619014,119619014,G,A,chrX:g.119619014G>A,Single base substitution,SEPTIN6,ENSG00000125354,downstream_gene_variant,
3818848a-1027-53f3-b82a-3eec5f4895f8,3b119f1a-9f12-4629-9ee8-0a54cb69d28f,MMRF_1796,chrX,119619014,119619014,G,A,chrX:g.119619014G>A,Single base substitution,SEPTIN6,ENSG00000125354,3_prime_UTR_variant,
3818848a-1027-53f3-b82a-3eec5f4895f8,3b119f1a-9f12-4629-9ee8-0a54cb69d28f,MMRF_1796,chrX,119619014,119619014,G,A,chrX:g.119619014G>A,Single base substitution,SEPTIN6,ENSG00000125354,3_prime_UTR_variant,
3818848a-1027-53f3-b82a-3eec5f4895f8,3b119f1a-9f12-4629-9ee8-0a54cb69d28f,MMRF_1796,chrX,119619014,119619014,G,A,chrX:g.119619014G>A,Single base substitution,SEPTIN6,ENSG00000125354,intron_variant,
3818848a-1027-53f3-b82a-3eec5f4895f8,3b119f1a-9f12-4629-9ee8-0a54cb69d28f,MMRF_1796,chrX,119619014,119619014,G,A,chrX:g.119619014G>A,Single base substitution,SEPTIN6,ENSG00000125354,intron_variant,
3818848a-1027-53f3-b82a-3eec5f4895f8,3b119f1a-9f12-4629-9ee8-0a54cb69d28f,MMRF_1796,chrX,119619014,119619014,G,A,chrX:g.119619014G>A,Single base substitution,SEPTIN6,ENSG00000125354,intron_variant,
3818848a-1027-53f3-b82a-3eec5f4895f8,3b119f1a-9f12-4629-9ee8-0a54cb69d28f,MMRF_1796,chrX,119619014,119619014,G,A,chrX:g.119619014G>A,Single base substitution,SEPTIN6,ENSG00000125354,intron_variant,
fac0b29b-b54a-5c95-b9cd-ea72050b9617,3b119f1a-9f12-4629-9ee8-0a54cb69d28f,MMRF_1796,chr5,161294173,161294173,C,T,chr5:g.161294173C>T,Single base substitution,GABRB2,ENSG00000145864,missense_variant,D445N
fac0b29b-b54a-5c95-b9cd-ea72050b9617,3b119f1a-9f12-4629-9ee8-0a54cb69d28f,MMRF_1796,chr5,161294173,161294173,C,T,chr5:g.161294173C>T,Single base substitution,GABRB2,ENSG00000145864,missense_variant,D361N
fac0b29b-b54a-5c95-b9cd-ea72050b9617,3b119f1a-9f12-4629-9ee8-0a54cb69d28f,MMRF_1796,chr5,161294173,161294173,C,T,chr5:g.161294173C>T,Single base substitution,GABRB2,ENSG00000145864,missense_variant,D483N
fac0b29b-b54a-5c95-b9cd-ea72050b9617,3b119f1a-9f12-4629-9ee8-0a54cb69d28f,MMRF_1796,chr5,161294173,161294173,C,T,chr5:g.161294173C>T,Single base substitution,GABRB2,ENSG00000145864,missense_variant,D483N
fac0b29b-b54a-5c95-b9cd-ea72050b9617,3b119f1a-9f12-4629-9ee8-0a54cb69d28f,MMRF_1796,chr5,161294173,161294173,C,T,chr5:g.161294173C>T,Single base substitution,GABRB2,ENSG00000145864,missense_variant,D445N
fac0b29b-b54a-5c95-b9cd-ea72050b9617,3b119f1a-9f12-4629-9ee8-0a54cb69d28f,MMRF_1796,chr5,161294173,161294173,C,T,chr5:g.161294173C>T,Single base substitution,GABRB2,ENSG00000145864,missense_variant,D195N
fac0b29b-b54a-5c95-b9cd-ea72050b9617,3b119f1a-9f12-4629-9ee8-0a54cb69d28f,MMRF_1796,chr5,161294173,161294173,C,T,chr5:g.161294173C>T,Single base substitution,GABRB2,ENSG00000145864,missense_variant,D382N
fac0b29b-b54a-5c95-b9cd-ea72050b9617,3b119f1a-9f12-4629-9ee8-0a54cb69d28f,MMRF_1796,chr5,161294173,161294173,C,T,chr5:g.161294173C>T,Single base substitution,GABRB2,ENSG00000145864,missense_variant,D445N
fac0b29b-b54a-5c95-b9cd-ea72050b9617,3b119f1a-9f12-4629-9ee8-0a54cb69d28f,MMRF_1796,chr5,161294173,161294173,C,T,chr5:g.161294173C>T,Single base substitution,GABRB2,ENSG00000145864,missense_variant,D285N
fac0b29b-b54a-5c95-b9cd-ea72050b9617,3b119f1a-9f12-4629-9ee8-0a54cb69d28f,MMRF_1796,chr5,161294173,161294173,C,T,chr5:g.161294173C>T,Single base substitution,GABRB2,ENSG00000145864,missense_variant,D445N
fac0b29b-b54a-5c95-b9cd-ea72050b9617,3b119f1a-9f12-4629-9ee8-0a54cb69d28f,MMRF_1796,chr5,161294173,161294173,C,T,chr5:g.161294173C>T,Single base substitution,GABRB2,ENSG00000145864,3_prime_UTR_variant,
3da73792-b1af-5808-9eec-234682f17085,3b119f1a-9f12-4629-9ee8-0a54cb69d28f,MMRF_1796,chr7,150995252,150995252,C,T,chr7:g.150995252C>T,Single base substitution,NOS3,ENSG00000164867,missense_variant,R70C
3da73792-b1af-5808-9eec-234682f17085,3b119f1a-9f12-4629-9ee8-0a54cb69d28f,MMRF_1796,chr7,150995252,150995252,C,T,chr7:g.150995252C>T,Single base substitution,NOS3,ENSG00000164867,5_prime_UTR_variant,
3da73792-b1af-5808-9eec-234682f17085,3b119f1a-9f12-4629-9ee8-0a54cb69d28f,MMRF_1796,chr7,150995252,150995252,C,T,chr7:g.150995252C>T,Single base substitution,NOS3,ENSG00000164867,missense_variant,R70C
3da73792-b1af-5808-9eec-234682f17085,3b119f1a-9f12-4629-9ee8-0a54cb69d28f,MMRF_1796,chr7,150995252,150995252,C,T,chr7:g.150995252C>T,Single base substitution,NOS3,ENSG00000164867,missense_variant,R70C
098eda14-955b-51d8-b0ac-c6034911e425,3b119f1a-9f12-4629-9ee8-0a54cb69d28f,MMRF_1796,chr19,51531203,51531203,C,T,chr19:g.51531203C>T,Single base substitution,SIGLEC6,ENSG00000105492,missense_variant,M92I
098eda14-955b-51d8-b0ac-c6034911e425,3b119f1a-9f12-4629-9ee8-0a54cb69d28f,MMRF_1796,chr19,51531203,51531203,C,T,chr19:g.51531203C>T,Single base substitution,SIGLEC6,ENSG00000105492,missense_variant,M128I
098eda14-955b-51d8-b0ac-c6034911e425,3b119f1a-9f12-4629-9ee8-0a54cb69d28f,MMRF_1796,chr19,51531203,51531203,C,T,chr19:g.51531203C>T,Single base substitution,SIGLEC6,ENSG00000105492,non_coding_transcript_exon_variant,
098eda14-955b-51d8-b0ac-c6034911e425,3b119f1a-9f12-4629-9ee8-0a54cb69d28f,MMRF_1796,chr19,51531203,51531203,C,T,chr19:g.51531203C>T,Single base substitution,SIGLEC6,ENSG00000105492,missense_variant,M128I
098eda14-955b-51d8-b0ac-c6034911e425,3b119f1a-9f12-4629-9ee8-0a54cb69d28f,MMRF_1796,chr19,51531203,51531203,C,T,chr19:g.51531203C>T,Single base substitution,SIGLEC6,ENSG00000105492,missense_variant,M128I
098eda14-955b-51d8-b0ac-c6034911e425,3b119f1a-9f12-4629-9ee8-0a54cb69d28f,MMRF_1796,chr19,51531203,51531203,C,T,chr19:g.51531203C>T,Single base substitution,SIGLEC6,ENSG00000105492,non_coding_transcript_exon_variant,
098eda14-955b-51d8-b0ac-c6034911e425,3b119f1a-9f12-4629-9ee8-0a54cb69d28f,MMRF_1796,chr19,51531203,51531203,C,T,chr19:g.51531203C>T,Single base substitution,SIGLEC6,ENSG00000105492,missense_variant,M128I
098eda14-955b-51d8-b0ac-c6034911e425,3b119f1a-9f12-4629-9ee8-0a54cb69d28f,MMRF_1796,chr19,51531203,51531203,C,T,chr19:g.51531203C>T,Single base substitution,SIGLEC6,ENSG00000105492,upstream_gene_variant,
098eda14-955b-51d8-b0ac-c6034911e425,3b119f1a-9f12-4629-9ee8-0a54cb69d28f,MMRF_1796,chr19,51531203,51531203,C,T,chr19:g.51531203C>T,Single base substitution,SIGLEC6,ENSG00000105492,missense_variant,M128I
d45a1b17-5c30-584b-b411-0bd8504f5ba8,3b119f1a-9f12-4629-9ee8-0a54cb69d28f,MMRF_1796,chr2,74550334,74550334,C,T,chr2:g.74550334C>T,Single base substitution,LOXL3,ENSG00000115318,missense_variant,D110N
d45a1b17-5c30-584b-b411-0bd8504f5ba8,3b119f1a-9f12-4629-9ee8-0a54cb69d28f,MMRF_1796,chr2,74550334,74550334,C,T,chr2:g.74550334C>T,Single base substitution,LOXL3,ENSG00000115318,non_coding_transcript_exon_variant,
d45a1b17-5c30-584b-b411-0bd8504f5ba8,3b119f1a-9f12-4629-9ee8-0a54cb69d28f,MMRF_1796,chr2,74550334,74550334,C,T,chr2:g.74550334C>T,Single base substitution,LOXL3,ENSG00000115318,missense_variant,D110N
d45a1b17-5c30-584b-b411-0bd8504f5ba8,3b119f1a-9f12-4629-9ee8-0a54cb69d28f,MMRF_1796,chr2,74550334,74550334,C,T,chr2:g.74550334C>T,Single base substitution,LOXL3,ENSG00000115318,missense_variant,D110N
d45a1b17-5c30-584b-b411-0bd8504f5ba8,3b119f1a-9f12-4629-9ee8-0a54cb69d28f,MMRF_1796,chr2,74550334,74550334,C,T,chr2:g.74550334C>T,Single base substitution,LOXL3,ENSG00000115318,upstream_gene_variant,
d45a1b17-5c30-584b-b411-0bd8504f5ba8,3b119f1a-9f12-4629-9ee8-0a54cb69d28f,MMRF_1796,chr2,74550334,74550334,C,T,chr2:g.74550334C>T,Single base substitution,LOXL3,ENSG00000115318,upstream_gene_variant,
d45a1b17-5c30-584b-b411-0bd8504f5ba8,3b119f1a-9f12-4629-9ee8-0a54cb69d28f,MMRF_1796,chr2,74550334,74550334,C,T,chr2:g.74550334C>T,Single base substitution,LOXL3,ENSG00000115318,upstream_gene_variant,
d45a1b17-5c30-584b-b411-0bd8504f5ba8,3b119f1a-9f12-4629-9ee8-0a54cb69d28f,MMRF_1796,chr2,74550334,74550334,C,T,chr2:g.74550334C>T,Single base substitution,LOXL3,ENSG00000115318,missense_variant,D110N
d45a1b17-5c30-584b-b411-0bd8504f5ba8,3b119f1a-9f12-4629-9ee8-0a54cb69d28f,MMRF_1796,chr2,74550334,74550334,C,T,chr2:g.74550334C>T,Single base substitution,LOXL3,ENSG00000115318,missense_variant,D110N
d45a1b17-5c30-584b-b411-0bd8504f5ba8,3b119f1a-9f12-4629-9ee8-0a54cb69d28f,MMRF_1796,chr2,74550334,74550334,C,T,chr2:g.74550334C>T,Single base substitution,LOXL3,ENSG00000115318,missense_variant,D110N
6f331d52-b1e0-5383-9e15-b94514c1edd3,3b119f1a-9f12-4629-9ee8-0a54cb69d28f,MMRF_1796,chr2,140378279,140378279,C,T,chr2:g.140378279C>T,Single base substitution,LRP1B,ENSG00000168702,synonymous_variant,Q3513=
527a7ff9-969f-5ed5-bfdd-d69d7e778805,3b119f1a-9f12-4629-9ee8-0a54cb69d28f,MMRF_1796,chr19,8976818,8976818,C,T,chr19:g.8976818C>T,Single base substitution,MUC16,ENSG00000181143,missense_variant,E1441K
f7058304-e936-53ae-aeb0-ec8d5535649e,3b119f1a-9f12-4629-9ee8-0a54cb69d28f,MMRF_1796,chr6,146029351,146029351,G,A,chr6:g.146029351G>A,Single base substitution,GRM1,ENSG00000152822,5_prime_UTR_variant,
f7058304-e936-53ae-aeb0-ec8d5535649e,3b119f1a-9f12-4629-9ee8-0a54cb69d28f,MMRF_1796,chr6,146029351,146029351,G,A,chr6:g.146029351G>A,Single base substitution,GRM1,ENSG00000152822,non_coding_transcript_exon_variant,
f7058304-e936-53ae-aeb0-ec8d5535649e,3b119f1a-9f12-4629-9ee8-0a54cb69d28f,MMRF_1796,chr6,146029351,146029351,G,A,chr6:g.146029351G>A,Single base substitution,GRM1,ENSG00000152822,non_coding_transcript_exon_variant,
f7058304-e936-53ae-aeb0-ec8d5535649e,3b119f1a-9f12-4629-9ee8-0a54cb69d28f,MMRF_1796,chr6,146029351,146029351,G,A,chr6:g.146029351G>A,Single base substitution,GRM1,ENSG00000152822,5_prime_UTR_variant,
f7058304-e936-53ae-aeb0-ec8d5535649e,3b119f1a-9f12-4629-9ee8-0a54cb69d28f,MMRF_1796,chr6,146029351,146029351,G,A,chr6:g.146029351G>A,Single base substitution,GRM1,ENSG00000152822,5_prime_UTR_variant,
f7058304-e936-53ae-aeb0-ec8d5535649e,3b119f1a-9f12-4629-9ee8-0a54cb69d28f,MMRF_1796,chr6,146029351,146029351,G,A,chr6:g.146029351G>A,Single base substitution,GRM1,ENSG00000152822,5_prime_UTR_variant,
f7058304-e936-53ae-aeb0-ec8d5535649e,3b119f1a-9f12-4629-9ee8-0a54cb69d28f,MMRF_1796,chr6,146029351,146029351,G,A,chr6:g.146029351G>A,Single base substitution,GRM1,ENSG00000152822,upstream_gene_variant,
70965df6-cbe0-58ea-9b7d-da4d0116c87c,3b119f1a-9f12-4629-9ee8-0a54cb69d28f,MMRF_1796,chr1,165563566,165563566,G,A,chr1:g.165563566G>A,Single base substitution,LRRC52,ENSG00000162763,synonymous_variant,V228=
9a6a0aeb-3294-53d0-a1a3-cd433bf870d3,3b119f1a-9f12-4629-9ee8-0a54cb69d28f,MMRF_1796,chr1,161226928,161226928,C,T,chr1:g.161226928C>T,Single base substitution,TOMM40L,ENSG00000158882,synonymous_variant,V52=
9a6a0aeb-3294-53d0-a1a3-cd433bf870d3,3b119f1a-9f12-4629-9ee8-0a54cb69d28f,MMRF_1796,chr1,161226928,161226928,C,T,chr1:g.161226928C>T,Single base substitution,TOMM40L,ENSG00000158882,intron_variant,
9a6a0aeb-3294-53d0-a1a3-cd433bf870d3,3b119f1a-9f12-4629-9ee8-0a54cb69d28f,MMRF_1796,chr1,161226928,161226928,C,T,chr1:g.161226928C>T,Single base substitution,TOMM40L,ENSG00000158882,non_coding_transcript_exon_variant,
9a6a0aeb-3294-53d0-a1a3-cd433bf870d3,3b119f1a-9f12-4629-9ee8-0a54cb69d28f,MMRF_1796,chr1,161226928,161226928,C,T,chr1:g.161226928C>T,Single base substitution,TOMM40L,ENSG00000158882,non_coding_transcript_exon_variant,
9a6a0aeb-3294-53d0-a1a3-cd433bf870d3,3b119f1a-9f12-4629-9ee8-0a54cb69d28f,MMRF_1796,chr1,161226928,161226928,C,T,chr1:g.161226928C>T,Single base substitution,TOMM40L,ENSG00000158882,upstream_gene_variant,
9a6a0aeb-3294-53d0-a1a3-cd433bf870d3,3b119f1a-9f12-4629-9ee8-0a54cb69d28f,MMRF_1796,chr1,161226928,161226928,C,T,chr1:g.161226928C>T,Single base substitution,TOMM40L,ENSG00000158882,synonymous_variant,V52=
9a6a0aeb-3294-53d0-a1a3-cd433bf870d3,3b119f1a-9f12-4629-9ee8-0a54cb69d28f,MMRF_1796,chr1,161226928,161226928,C,T,chr1:g.161226928C>T,Single base substitution,TOMM40L,ENSG00000158882,synonymous_variant,V52=
9a6a0aeb-3294-53d0-a1a3-cd433bf870d3,3b119f1a-9f12-4629-9ee8-0a54cb69d28f,MMRF_1796,chr1,161226928,161226928,C,T,chr1:g.161226928C>T,Single base substitution,TOMM40L,ENSG00000158882,non_coding_transcript_exon_variant,
9a6a0aeb-3294-53d0-a1a3-cd433bf870d3,3b119f1a-9f12-4629-9ee8-0a54cb69d28f,MMRF_1796,chr1,161226928,161226928,C,T,chr1:g.161226928C>T,Single base substitution,TOMM40L,ENSG00000158882,upstream_gene_variant,
30f54a64-41cb-5a67-8bbb-23a03c33437e,3b119f1a-9f12-4629-9ee8-0a54cb69d28f,MMRF_1796,chr14,22981960,22981960,G,A,chr14:g.22981960G>A,Single base substitution,AJUBA,ENSG00000129474,upstream_gene_variant,
30f54a64-41cb-5a67-8bbb-23a03c33437e,3b119f1a-9f12-4629-9ee8-0a54cb69d28f,MMRF_1796,chr14,22981960,22981960,G,A,chr14:g.22981960G>A,Single base substitution,AJUBA,ENSG00000129474,upstream_gene_variant,
30f54a64-41cb-5a67-8bbb-23a03c33437e,3b119f1a-9f12-4629-9ee8-0a54cb69d28f,MMRF_1796,chr14,22981960,22981960,G,A,chr14:g.22981960G>A,Single base substitution,AJUBA,ENSG00000129474,upstream_gene_variant,
30f54a64-41cb-5a67-8bbb-23a03c33437e,3b119f1a-9f12-4629-9ee8-0a54cb69d28f,MMRF_1796,chr14,22981960,22981960,G,A,chr14:g.22981960G>A,Single base substitution,AJUBA,ENSG00000129474,stop_gained,Q103*
30f54a64-41cb-5a67-8bbb-23a03c33437e,3b119f1a-9f12-4629-9ee8-0a54cb69d28f,MMRF_1796,chr14,22981960,22981960,G,A,chr14:g.22981960G>A,Single base substitution,AJUBA,ENSG00000129474,stop_gained,Q103*
d1945038-e125-536a-b516-ed8de34a59dc,3b119f1a-9f12-4629-9ee8-0a54cb69d28f,MMRF_1796,chr20,46366275,46366275,C,T,chr20:g.46366275C>T,Single base substitution,ELMO2,ENSG00000062598,3_prime_UTR_variant,
d1945038-e125-536a-b516-ed8de34a59dc,3b119f1a-9f12-4629-9ee8-0a54cb69d28f,MMRF_1796,chr20,46366275,46366275,C,T,chr20:g.46366275C>T,Single base substitution,ELMO2,ENSG00000062598,3_prime_UTR_variant,
d1945038-e125-536a-b516-ed8de34a59dc,3b119f1a-9f12-4629-9ee8-0a54cb69d28f,MMRF_1796,chr20,46366275,46366275,C,T,chr20:g.46366275C>T,Single base substitution,ELMO2,ENSG00000062598,3_prime_UTR_variant,
d1945038-e125-536a-b516-ed8de34a59dc,3b119f1a-9f12-4629-9ee8-0a54cb69d28f,MMRF_1796,chr20,46366275,46366275,C,T,chr20:g.46366275C>T,Single base substitution,ELMO2,ENSG00000062598,downstream_gene_variant,
d1945038-e125-536a-b516-ed8de34a59dc,3b119f1a-9f12-4629-9ee8-0a54cb69d28f,MMRF_1796,chr20,46366275,46366275,C,T,chr20:g.46366275C>T,Single base substitution,ELMO2,ENSG00000062598,3_prime_UTR_variant,
d1945038-e125-536a-b516-ed8de34a59dc,3b119f1a-9f12-4629-9ee8-0a54cb69d28f,MMRF_1796,chr20,46366275,46366275,C,T,chr20:g.46366275C>T,Single base substitution,ELMO2,ENSG00000062598,3_prime_UTR_variant,
d1945038-e125-536a-b516-ed8de34a59dc,3b119f1a-9f12-4629-9ee8-0a54cb69d28f,MMRF_1796,chr20,46366275,46366275,C,T,chr20:g.46366275C>T,Single base substitution,ELMO2,ENSG00000062598,downstream_gene_variant,
dbc98ef9-5d26-5ada-855b-4a273878ee6f,3b119f1a-9f12-4629-9ee8-0a54cb69d28f,MMRF_1796,chr3,36833698,36833698,C,T,chr3:g.36833698C>T,Single base substitution,TRANK1,ENSG00000168016,missense_variant,R1962K
dbc98ef9-5d26-5ada-855b-4a273878ee6f,3b119f1a-9f12-4629-9ee8-0a54cb69d28f,MMRF_1796,chr3,36833698,36833698,C,T,chr3:g.36833698C>T,Single base substitution,TRANK1,ENSG00000168016,3_prime_UTR_variant,
dbc98ef9-5d26-5ada-855b-4a273878ee6f,3b119f1a-9f12-4629-9ee8-0a54cb69d28f,MMRF_1796,chr3,36833698,36833698,C,T,chr3:g.36833698C>T,Single base substitution,TRANK1,ENSG00000168016,missense_variant,R1918K
dbc98ef9-5d26-5ada-855b-4a273878ee6f,3b119f1a-9f12-4629-9ee8-0a54cb69d28f,MMRF_1796,chr3,36833698,36833698,C,T,chr3:g.36833698C>T,Single base substitution,TRANK1,ENSG00000168016,3_prime_UTR_variant,
dbc98ef9-5d26-5ada-855b-4a273878ee6f,3b119f1a-9f12-4629-9ee8-0a54cb69d28f,MMRF_1796,chr3,36833698,36833698,C,T,chr3:g.36833698C>T,Single base substitution,TRANK1,ENSG00000168016,3_prime_UTR_variant,
87053839-89e6-541f-996b-52cde565e46a,3b119f1a-9f12-4629-9ee8-0a54cb69d28f,MMRF_1796,chr17,31327775,31327775,G,C,chr17:g.31327775G>C,Single base substitution,NF1,ENSG00000196712,upstream_gene_variant,
87053839-89e6-541f-996b-52cde565e46a,3b119f1a-9f12-4629-9ee8-0a54cb69d28f,MMRF_1796,chr17,31327775,31327775,G,C,chr17:g.31327775G>C,Single base substitution,NF1,ENSG00000196712,missense_variant,D1494H
87053839-89e6-541f-996b-52cde565e46a,3b119f1a-9f12-4629-9ee8-0a54cb69d28f,MMRF_1796,chr17,31327775,31327775,G,C,chr17:g.31327775G>C,Single base substitution,NF1,ENSG00000196712,missense_variant,D1828H
87053839-89e6-541f-996b-52cde565e46a,3b119f1a-9f12-4629-9ee8-0a54cb69d28f,MMRF_1796,chr17,31327775,31327775,G,C,chr17:g.31327775G>C,Single base substitution,NF1,ENSG00000196712,missense_variant,D1849H
87053839-89e6-541f-996b-52cde565e46a,3b119f1a-9f12-4629-9ee8-0a54cb69d28f,MMRF_1796,chr17,31327775,31327775,G,C,chr17:g.31327775G>C,Single base substitution,NF1,ENSG00000196712,3_prime_UTR_variant,
87053839-89e6-541f-996b-52cde565e46a,3b119f1a-9f12-4629-9ee8-0a54cb69d28f,MMRF_1796,chr17,31327775,31327775,G,C,chr17:g.31327775G>C,Single base substitution,NF1,ENSG00000196712,missense_variant,D37H
87053839-89e6-541f-996b-52cde565e46a,3b119f1a-9f12-4629-9ee8-0a54cb69d28f,MMRF_1796,chr17,31327775,31327775,G,C,chr17:g.31327775G>C,Single base substitution,NF1,ENSG00000196712,non_coding_transcript_exon_variant,
85018969-2abc-5daa-b36b-22c6124497d7,3b119f1a-9f12-4629-9ee8-0a54cb69d28f,MMRF_1796,chr10,71851182,71851182,C,T,chr10:g.71851182C>T,Single base substitution,PSAP,ENSG00000197746,missense_variant,A14T
85018969-2abc-5daa-b36b-22c6124497d7,3b119f1a-9f12-4629-9ee8-0a54cb69d28f,MMRF_1796,chr10,71851182,71851182,C,T,chr10:g.71851182C>T,Single base substitution,PSAP,ENSG00000197746,missense_variant,A14T
85018969-2abc-5daa-b36b-22c6124497d7,3b119f1a-9f12-4629-9ee8-0a54cb69d28f,MMRF_1796,chr10,71851182,71851182,C,T,chr10:g.71851182C>T,Single base substitution,PSAP,ENSG00000197746,missense_variant,A14T
28e3e52a-be96-5217-ae24-fc5a4e0ce73e,3b119f1a-9f12-4629-9ee8-0a54cb69d28f,MMRF_1796,chr16,67126031,67126031,C,G,chr16:g.67126031C>G,Single base substitution,C16orf70,ENSG00000125149,intron_variant,
28e3e52a-be96-5217-ae24-fc5a4e0ce73e,3b119f1a-9f12-4629-9ee8-0a54cb69d28f,MMRF_1796,chr16,67126031,67126031,C,G,chr16:g.67126031C>G,Single base substitution,C16orf70,ENSG00000125149,non_coding_transcript_exon_variant,
28e3e52a-be96-5217-ae24-fc5a4e0ce73e,3b119f1a-9f12-4629-9ee8-0a54cb69d28f,MMRF_1796,chr16,67126031,67126031,C,G,chr16:g.67126031C>G,Single base substitution,C16orf70,ENSG00000125149,non_coding_transcript_exon_variant,
28e3e52a-be96-5217-ae24-fc5a4e0ce73e,3b119f1a-9f12-4629-9ee8-0a54cb69d28f,MMRF_1796,chr16,67126031,67126031,C,G,chr16:g.67126031C>G,Single base substitution,C16orf70,ENSG00000125149,intron_variant,
28e3e52a-be96-5217-ae24-fc5a4e0ce73e,3b119f1a-9f12-4629-9ee8-0a54cb69d28f,MMRF_1796,chr16,67126031,67126031,C,G,chr16:g.67126031C>G,Single base substitution,C16orf70,ENSG00000125149,missense_variant,Q74E
28e3e52a-be96-5217-ae24-fc5a4e0ce73e,3b119f1a-9f12-4629-9ee8-0a54cb69d28f,MMRF_1796,chr16,67126031,67126031,C,G,chr16:g.67126031C>G,Single base substitution,C16orf70,ENSG00000125149,missense_variant,Q74E
28e3e52a-be96-5217-ae24-fc5a4e0ce73e,3b119f1a-9f12-4629-9ee8-0a54cb69d28f,MMRF_1796,chr16,67126031,67126031,C,G,chr16:g.67126031C>G,Single base substitution,C16orf70,ENSG00000125149,missense_variant,Q74E
48e566a8-0e4a-5aa9-a939-c69f255c8323,3b119f1a-9f12-4629-9ee8-0a54cb69d28f,MMRF_1796,chr17,78223583,78223583,G,A,chr17:g.78223583G>A,Single base substitution,BIRC5,ENSG00000089685,downstream_gene_variant,
48e566a8-0e4a-5aa9-a939-c69f255c8323,3b119f1a-9f12-4629-9ee8-0a54cb69d28f,MMRF_1796,chr17,78223583,78223583,G,A,chr17:g.78223583G>A,Single base substitution,BIRC5,ENSG00000089685,downstream_gene_variant,
48e566a8-0e4a-5aa9-a939-c69f255c8323,3b119f1a-9f12-4629-9ee8-0a54cb69d28f,MMRF_1796,chr17,78223583,78223583,G,A,chr17:g.78223583G>A,Single base substitution,BIRC5,ENSG00000089685,downstream_gene_variant,
48e566a8-0e4a-5aa9-a939-c69f255c8323,3b119f1a-9f12-4629-9ee8-0a54cb69d28f,MMRF_1796,chr17,78223583,78223583,G,A,chr17:g.78223583G>A,Single base substitution,BIRC5,ENSG00000089685,downstream_gene_variant,
48e566a8-0e4a-5aa9-a939-c69f255c8323,3b119f1a-9f12-4629-9ee8-0a54cb69d28f,MMRF_1796,chr17,78223583,78223583,G,A,chr17:g.78223583G>A,Single base substitution,BIRC5,ENSG00000089685,non_coding_transcript_exon_variant,
48e566a8-0e4a-5aa9-a939-c69f255c8323,3b119f1a-9f12-4629-9ee8-0a54cb69d28f,MMRF_1796,chr17,78223583,78223583,G,A,chr17:g.78223583G>A,Single base substitution,BIRC5,ENSG00000089685,3_prime_UTR_variant,
48e566a8-0e4a-5aa9-a939-c69f255c8323,3b119f1a-9f12-4629-9ee8-0a54cb69d28f,MMRF_1796,chr17,78223583,78223583,G,A,chr17:g.78223583G>A,Single base substitution,BIRC5,ENSG00000089685,missense_variant,E114K
48e566a8-0e4a-5aa9-a939-c69f255c8323,3b119f1a-9f12-4629-9ee8-0a54cb69d28f,MMRF_1796,chr17,78223583,78223583,G,A,chr17:g.78223583G>A,Single base substitution,BIRC5,ENSG00000089685,3_prime_UTR_variant,
48e566a8-0e4a-5aa9-a939-c69f255c8323,3b119f1a-9f12-4629-9ee8-0a54cb69d28f,MMRF_1796,chr17,78223583,78223583,G,A,chr17:g.78223583G>A,Single base substitution,BIRC5,ENSG00000089685,downstream_gene_variant,
48e566a8-0e4a-5aa9-a939-c69f255c8323,3b119f1a-9f12-4629-9ee8-0a54cb69d28f,MMRF_1796,chr17,78223583,78223583,G,A,chr17:g.78223583G>A,Single base substitution,BIRC5,ENSG00000089685,downstream_gene_variant,
016c7007-fa85-5da9-9e05-58931c465815,3b119f1a-9f12-4629-9ee8-0a54cb69d28f,MMRF_1796,chr6,112350197,112350197,C,T,chr6:g.112350197C>T,Single base substitution,RFPL4B,ENSG00000251258,synonymous_variant,C163=
76511c69-c472-543f-881c-07037556af49,3b119f1a-9f12-4629-9ee8-0a54cb69d28f,MMRF_1796,chr1,212624517,212624518,TC,-,chr1:g.212624517delTC,Small deletion,FAM71A,ENSG00000162771,5_prime_UTR_variant,
c37a3dc7-fc54-5050-acea-a4fe713e65ab,3b119f1a-9f12-4629-9ee8-0a54cb69d28f,MMRF_1796,chrX,22274241,22274241,C,T,chrX:g.22274241C>T,Single base substitution,CBLL2,ENSG00000175809,missense_variant,S417L
c881e5b8-ae31-5b6a-b2bd-e4ae137a7c32,3b119f1a-9f12-4629-9ee8-0a54cb69d28f,MMRF_1796,chr20,21395752,21395752,C,T,chr20:g.21395752C>T,Single base substitution,NKX2-4,ENSG00000125816,3_prime_UTR_variant,
53476dcf-0cde-5439-bdd0-8156a610292d,3b119f1a-9f12-4629-9ee8-0a54cb69d28f,MMRF_1796,chr18,79754029,79754029,G,A,chr18:g.79754029G>A,Single base substitution,CTDP1,ENSG00000060069,3_prime_UTR_variant,
53476dcf-0cde-5439-bdd0-8156a610292d,3b119f1a-9f12-4629-9ee8-0a54cb69d28f,MMRF_1796,chr18,79754029,79754029,G,A,chr18:g.79754029G>A,Single base substitution,CTDP1,ENSG00000060069,3_prime_UTR_variant,
53476dcf-0cde-5439-bdd0-8156a610292d,3b119f1a-9f12-4629-9ee8-0a54cb69d28f,MMRF_1796,chr18,79754029,79754029,G,A,chr18:g.79754029G>A,Single base substitution,CTDP1,ENSG00000060069,downstream_gene_variant,
53476dcf-0cde-5439-bdd0-8156a610292d,3b119f1a-9f12-4629-9ee8-0a54cb69d28f,MMRF_1796,chr18,79754029,79754029,G,A,chr18:g.79754029G>A,Single base substitution,CTDP1,ENSG00000060069,non_coding_transcript_exon_variant,
53476dcf-0cde-5439-bdd0-8156a610292d,3b119f1a-9f12-4629-9ee8-0a54cb69d28f,MMRF_1796,chr18,79754029,79754029,G,A,chr18:g.79754029G>A,Single base substitution,CTDP1,ENSG00000060069,3_prime_UTR_variant,
53476dcf-0cde-5439-bdd0-8156a610292d,3b119f1a-9f12-4629-9ee8-0a54cb69d28f,MMRF_1796,chr18,79754029,79754029,G,A,chr18:g.79754029G>A,Single base substitution,CTDP1,ENSG00000060069,3_prime_UTR_variant,
92d04366-73ae-5886-a12e-3b3c94c3654a,3b119f1a-9f12-4629-9ee8-0a54cb69d28f,MMRF_1796,chr5,90725151,90725151,G,T,chr5:g.90725151G>T,Single base substitution,ADGRV1,ENSG00000164199,non_coding_transcript_exon_variant,
92d04366-73ae-5886-a12e-3b3c94c3654a,3b119f1a-9f12-4629-9ee8-0a54cb69d28f,MMRF_1796,chr5,90725151,90725151,G,T,chr5:g.90725151G>T,Single base substitution,ADGRV1,ENSG00000164199,non_coding_transcript_exon_variant,
92d04366-73ae-5886-a12e-3b3c94c3654a,3b119f1a-9f12-4629-9ee8-0a54cb69d28f,MMRF_1796,chr5,90725151,90725151,G,T,chr5:g.90725151G>T,Single base substitution,ADGRV1,ENSG00000164199,downstream_gene_variant,
92d04366-73ae-5886-a12e-3b3c94c3654a,3b119f1a-9f12-4629-9ee8-0a54cb69d28f,MMRF_1796,chr5,90725151,90725151,G,T,chr5:g.90725151G>T,Single base substitution,ADGRV1,ENSG00000164199,non_coding_transcript_exon_variant,
92d04366-73ae-5886-a12e-3b3c94c3654a,3b119f1a-9f12-4629-9ee8-0a54cb69d28f,MMRF_1796,chr5,90725151,90725151,G,T,chr5:g.90725151G>T,Single base substitution,ADGRV1,ENSG00000164199,intron_variant,
92d04366-73ae-5886-a12e-3b3c94c3654a,3b119f1a-9f12-4629-9ee8-0a54cb69d28f,MMRF_1796,chr5,90725151,90725151,G,T,chr5:g.90725151G>T,Single base substitution,ADGRV1,ENSG00000164199,synonymous_variant,V3324=
c98ccafb-11af-5119-b342-6d95e4438dc3,3b119f1a-9f12-4629-9ee8-0a54cb69d28f,MMRF_1796,chr14,73697459,73697459,G,C,chr14:g.73697459G>C,Single base substitution,DNAL1,ENSG00000119661,3_prime_UTR_variant,
c98ccafb-11af-5119-b342-6d95e4438dc3,3b119f1a-9f12-4629-9ee8-0a54cb69d28f,MMRF_1796,chr14,73697459,73697459,G,C,chr14:g.73697459G>C,Single base substitution,DNAL1,ENSG00000119661,downstream_gene_variant,
c98ccafb-11af-5119-b342-6d95e4438dc3,3b119f1a-9f12-4629-9ee8-0a54cb69d28f,MMRF_1796,chr14,73697459,73697459,G,C,chr14:g.73697459G>C,Single base substitution,DNAL1,ENSG00000119661,downstream_gene_variant,
c98ccafb-11af-5119-b342-6d95e4438dc3,3b119f1a-9f12-4629-9ee8-0a54cb69d28f,MMRF_1796,chr14,73697459,73697459,G,C,chr14:g.73697459G>C,Single base substitution,DNAL1,ENSG00000119661,3_prime_UTR_variant,
c98ccafb-11af-5119-b342-6d95e4438dc3,3b119f1a-9f12-4629-9ee8-0a54cb69d28f,MMRF_1796,chr14,73697459,73697459,G,C,chr14:g.73697459G>C,Single base substitution,DNAL1,ENSG00000119661,downstream_gene_variant,
ad3e8927-1de8-5eac-b151-7db3c4b0b8ba,3b119f1a-9f12-4629-9ee8-0a54cb69d28f,MMRF_1796,chr21,46001317,46001317,G,A,chr21:g.46001317G>A,Single base substitution,COL6A1,ENSG00000142156,non_coding_transcript_exon_variant,
ad3e8927-1de8-5eac-b151-7db3c4b0b8ba,3b119f1a-9f12-4629-9ee8-0a54cb69d28f,MMRF_1796,chr21,46001317,46001317,G,A,chr21:g.46001317G>A,Single base substitution,COL6A1,ENSG00000142156,synonymous_variant,Q627=
ad3e8927-1de8-5eac-b151-7db3c4b0b8ba,3b119f1a-9f12-4629-9ee8-0a54cb69d28f,MMRF_1796,chr21,46001317,46001317,G,A,chr21:g.46001317G>A,Single base substitution,COL6A1,ENSG00000142156,synonymous_variant,Q629=
ad3e8927-1de8-5eac-b151-7db3c4b0b8ba,3b119f1a-9f12-4629-9ee8-0a54cb69d28f,MMRF_1796,chr21,46001317,46001317,G,A,chr21:g.46001317G>A,Single base substitution,COL6A1,ENSG00000142156,upstream_gene_variant,
ad3e8927-1de8-5eac-b151-7db3c4b0b8ba,3b119f1a-9f12-4629-9ee8-0a54cb69d28f,MMRF_1796,chr21,46001317,46001317,G,A,chr21:g.46001317G>A,Single base substitution,COL6A1,ENSG00000142156,non_coding_transcript_exon_variant,
ad3e8927-1de8-5eac-b151-7db3c4b0b8ba,3b119f1a-9f12-4629-9ee8-0a54cb69d28f,MMRF_1796,chr21,46001317,46001317,G,A,chr21:g.46001317G>A,Single base substitution,COL6A1,ENSG00000142156,downstream_gene_variant,
cb92826f-9d49-50e3-91f7-77ff65004bd7,3b119f1a-9f12-4629-9ee8-0a54cb69d28f,MMRF_1796,chr22,31283191,31283191,C,T,chr22:g.31283191C>T,Single base substitution,PIK3IP1,ENSG00000100100,non_coding_transcript_exon_variant,
cb92826f-9d49-50e3-91f7-77ff65004bd7,3b119f1a-9f12-4629-9ee8-0a54cb69d28f,MMRF_1796,chr22,31283191,31283191,C,T,chr22:g.31283191C>T,Single base substitution,PIK3IP1,ENSG00000100100,missense_variant,E229K
cb92826f-9d49-50e3-91f7-77ff65004bd7,3b119f1a-9f12-4629-9ee8-0a54cb69d28f,MMRF_1796,chr22,31283191,31283191,C,T,chr22:g.31283191C>T,Single base substitution,PIK3IP1,ENSG00000100100,3_prime_UTR_variant,
cb92826f-9d49-50e3-91f7-77ff65004bd7,3b119f1a-9f12-4629-9ee8-0a54cb69d28f,MMRF_1796,chr22,31283191,31283191,C,T,chr22:g.31283191C>T,Single base substitution,PIK3IP1,ENSG00000100100,non_coding_transcript_exon_variant,
32bcb1d2-4c3c-5d84-9cc1-1be7aedc6eac,3b119f1a-9f12-4629-9ee8-0a54cb69d28f,MMRF_1796,chr12,95898468,95898468,G,A,chr12:g.95898468G>A,Single base substitution,CCDC38,ENSG00000165972,splice_region_variant,
32bcb1d2-4c3c-5d84-9cc1-1be7aedc6eac,3b119f1a-9f12-4629-9ee8-0a54cb69d28f,MMRF_1796,chr12,95898468,95898468,G,A,chr12:g.95898468G>A,Single base substitution,CCDC38,ENSG00000165972,non_coding_transcript_exon_variant,
